Variable,Platinum_Level,Gold_Level,Silver_Level,Bronze_Level,Catastrophic_Level
MAGE_LAST_2_4,0.275,0.197,0.147,0.11,0.103
MAGE_LAST_5_9,0.206,0.139,0.1,0.076,0.071
MAGE_LAST_10_14,0.218,0.153,0.113,0.089,0.085
MAGE_LAST_15_20,0.253,0.182,0.135,0.101,0.095
FAGE_LAST_2_4,0.222,0.152,0.112,0.087,0.081
FAGE_LAST_5_9,0.153,0.09,0.058,0.04,0.036
FAGE_LAST_10_14,0.221,0.155,0.115,0.091,0.088
FAGE_LAST_15_20,0.286,0.2,0.136,0.09,0.081
HHS_HCC001,4.433,4.021,3.934,3.745,3.738
HHS_HCC002,15.157,14.968,14.893,14.776,14.765
HHS_HCC003,14.259,14.125,14.066,13.984,13.973
HHS_HCC004,13.862,13.735,13.668,13.575,13.559
HHS_HCC006,19.55,19.503,19.43,19.35,19.334
HHS_HCC008,31.113,30.879,30.818,30.711,30.705
HHS_HCC009,9.342,9.119,9.022,8.874,8.855
HHS_HCC010,8.439,8.247,8.142,7.988,7.962
HHS_HCC011,4.085,3.945,3.863,3.739,3.715
HHS_HCC012,4.085,3.945,3.863,3.739,3.715
HHS_HCC013,1.309,1.199,1.105,0.987,0.963
HHS_HCC018,12.113,12.102,12.086,12.073,12.068
HHS_HCC019,0,0,0,0,0
HHS_HCC020,0,0,0,0,0
HHS_HCC021,0,0,0,0,0
HHS_HCC023,19.116,19,18.96,18.905,18.897
HHS_HCC026,0,0,0,0,0
HHS_HCC027,0,0,0,0,0
HHS_HCC028,0,0,0,0,0
HHS_HCC029,0,0,0,0,0
HHS_HCC030,5.04,4.82,4.751,4.645,4.637
HHS_HCC034,12.113,12.102,12.086,12.073,12.068
HHS_HCC035_1,9.375,9.241,9.204,9.133,9.122
HHS_HCC035_2,7.833,7.687,7.638,7.55,7.537
HHS_HCC036,3.898,3.779,3.717,3.629,3.615
HHS_HCC037_1,1.171,1.067,0.995,0.91,0.895
HHS_HCC037_2,0.473,0.401,0.326,0.239,0.218
HHS_HCC041,14.936,14.859,14.793,14.709,14.693
HHS_HCC042,18.317,18.056,18.005,17.906,17.903
HHS_HCC045,4.522,4.352,4.262,4.128,4.109
HHS_HCC046,8.308,8.16,8.109,8.012,7.998
HHS_HCC047,6.026,5.806,5.717,5.565,5.547
HHS_HCC048,10.352,9.97,9.879,9.691,9.676
HHS_HCC054,0,0,0,0,0
HHS_HCC055,0,0,0,0,0
HHS_HCC056,4.773,4.527,4.447,4.318,4.307
HHS_HCC057,0.975,0.876,0.784,0.671,0.65
HHS_HCC061,0,0,0,0,0
HHS_HCC062,0,0,0,0,0
HHS_HCC063,0.884,0.762,0.665,0.541,0.519
HHS_HCC066,62.038,61.611,61.536,61.362,61.352
HHS_HCC067,0,0,0,0,0
HHS_HCC068,0,0,0,0,0
HHS_HCC069,0,0,0,0,0
HHS_HCC070,3.334,3.185,3.102,2.993,2.975
HHS_HCC071,3.334,3.185,3.102,2.993,2.975
HHS_HCC073,0,0,0,0,0
HHS_HCC074,0,0,0,0,0
HHS_HCC075,3.928,3.823,3.755,3.667,3.652
HHS_HCC081,0,0,0,0,0
HHS_HCC082,0,0,0,0,0
HHS_HCC083,0,0,0,0,0
HHS_HCC084,0,0,0,0,0
HHS_HCC087_1,3.539,3.296,3.176,2.994,2.97
HHS_HCC087_2,3.132,2.909,2.777,2.582,2.552
HHS_HCC088,2.588,2.398,2.271,2.101,2.073
HHS_HCC090,0.457,0.373,0.272,0.157,0.132
HHS_HCC094,2.173,2.038,1.947,1.82,1.798
HHS_HCC096,12.591,12.534,12.493,12.442,12.43
HHS_HCC097,0.87,0.763,0.692,0.59,0.572
HHS_HCC102,2.588,2.398,2.271,2.101,2.073
HHS_HCC103,0.484,0.414,0.333,0.251,0.234
HHS_HCC106,0,0,0,0,0
HHS_HCC107,0,0,0,0,0
HHS_HCC108,0,0,0,0,0
HHS_HCC109,0,0,0,0,0
HHS_HCC110,4.587,4.409,4.305,4.145,4.117
HHS_HCC111,45.49,45.226,45.175,45.069,45.058
HHS_HCC112,0.832,0.651,0.58,0.461,0.449
HHS_HCC113,0.381,0.266,0.205,0.124,0.109
HHS_HCC114,1.523,1.414,1.35,1.252,1.237
HHS_HCC115,10.844,10.707,10.684,10.631,10.631
HHS_HCC117,0,0,0,0,0
HHS_HCC118,7.658,7.323,7.253,7.109,7.104
HHS_HCC119,0,0,0,0,0
HHS_HCC120,1.475,1.352,1.242,1.102,1.074
HHS_HCC121,12.443,12.383,12.338,12.292,12.28
HHS_HCC122,11.881,11.883,11.874,11.873,11.87
HHS_HCC123,4.156,4.013,3.917,3.781,3.75
HHS_HCC125,25.819,25.59,25.528,25.42,25.412
HHS_HCC126,0,0,0,0,0
HHS_HCC127,0,0,0,0,0
HHS_HCC128,0,0,0,0,0
HHS_HCC129,0,0,0,0,0
HHS_HCC130,3.788,3.689,3.638,3.557,3.543
HHS_HCC131,0,0,0,0,0
HHS_HCC132,0,0,0,0,0
HHS_HCC135,15.963,15.86,15.788,15.694,15.675
HHS_HCC137,3.733,3.595,3.486,3.351,3.326
HHS_HCC138,0.957,0.868,0.769,0.67,0.651
HHS_HCC139,0.487,0.406,0.328,0.251,0.238
HHS_HCC142,3.006,2.865,2.783,2.67,2.653
HHS_HCC145,12.918,12.858,12.829,12.79,12.784
HHS_HCC146,1.196,1.087,1.028,0.938,0.926
HHS_HCC149,0.789,0.69,0.638,0.554,0.537
HHS_HCC150,5.114,4.996,4.936,4.847,4.836
HHS_HCC151,2.054,1.941,1.874,1.773,1.758
HHS_HCC153,10.494,10.279,10.206,10.072,10.062
HHS_HCC154,10.564,10.421,10.37,10.28,10.271
HHS_HCC156,20.312,20.192,20.129,20.038,20.024
HHS_HCC158,14.936,14.859,14.793,14.709,14.693
HHS_HCC159,51.368,50.855,50.808,50.658,50.665
HHS_HCC160,1.574,1.427,1.323,1.186,1.164
HHS_HCC161_1,1.3,1.15,1.025,0.871,0.843
HHS_HCC161_2,0.315,0.248,0.171,0.105,0.091
HHS_HCC162,1.467,1.341,1.229,1.097,1.072
HHS_HCC163,11.749,11.771,11.801,11.852,11.859
HHS_HCC183,12.113,12.102,12.086,12.073,12.068
HHS_HCC184,25.623,25.42,25.403,25.338,25.332
HHS_HCC187,0,0,0,0,0
HHS_HCC188,0,0,0,0,0
HHS_HCC203,0.755,0.624,0.472,0.33,0.308
HHS_HCC204,0,0,0,0,0
HHS_HCC205,0,0,0,0,0
HHS_HCC207,0,0,0,0,0
HHS_HCC208,0,0,0,0,0
HHS_HCC209,2.183,1.985,1.734,1.324,1.218
HHS_HCC210,0,0,0,0,0
HHS_HCC211,0,0,0,0,0
HHS_HCC212,0.21,0.128,0.027,0,0
HHS_HCC217,2.285,2.193,2.119,2.04,2.026
HHS_HCC218,22.632,22.402,22.327,22.205,22.186
HHS_HCC219,2.588,2.43,2.328,2.189,2.168
HHS_HCC223,22.632,22.402,22.327,22.205,22.186
HHS_HCC226,4.602,4.394,4.29,4.154,4.137
HHS_HCC228,4.31,4.116,3.999,3.829,3.801
HHS_HCC234,0,0,0,0,0
HHS_HCC251,14.936,14.859,14.793,14.709,14.693
HHS_HCC253,5.156,4.991,4.959,4.879,4.875
HHS_HCC254,0,0,0,0,0
G01,2.221,1.995,1.784,1.48,1.431
G02B,30.869,30.64,30.595,30.494,30.492
G02D,4.743,4.634,4.577,4.501,4.489
G03,4.288,4.095,4.002,3.869,3.852
G04,1.213,1.112,1.041,0.953,0.939
G06A,12.776,12.621,12.565,12.478,12.468
G08,5.418,5.282,5.226,5.136,5.125
G09A,2.335,2.193,2.103,1.97,1.948
G09C,0.772,0.645,0.54,0.392,0.368
G10,10.809,10.632,10.574,10.475,10.467
G11,9.869,9.651,9.591,9.476,9.466
G12,5.69,5.547,5.476,5.366,5.35
G13,15.588,15.336,15.257,15.114,15.103
G14,14.936,14.859,14.793,14.709,14.693
G16,0.854,0.779,0.729,0.672,0.665
G17A,0.388,0.293,0.158,0.035,0.011
G18A,3.064,2.798,2.554,2.151,2.065
G19B,0.42,0.308,0.145,0.014,0
G22,4.308,4.125,4.026,3.865,3.835
G23,1.294,1.23,1.18,1.104,1.092
SEVERE_HCC_COUNT1,-11.722,-11.771,-11.801,-11.852,-11.859
SEVERE_HCC_COUNT2,-11.722,-11.771,-11.801,-11.852,-11.859
SEVERE_HCC_COUNT3,-10.55,-10.622,-10.563,-10.543,-10.525
SEVERE_HCC_COUNT4,-9.24,-9.248,-9.085,-8.937,-8.892
SEVERE_HCC_COUNT5,-8.084,-8.044,-7.824,-7.608,-7.549
SEVERE_HCC_COUNT6_7,-3.58,-3.359,-3.017,-2.629,-2.542
SEVERE_HCC_COUNT8PLUS,16.145,16.838,17.41,18.129,18.26
TRANSPLANT_HCC_COUNT4PLUS,13.213,13.245,13.254,13.269,13.272
ACF_PrEP_Child,2.143,2.082,2.016,1.933,1.914
