State,RA_Adj_Avg_Pre,Avg_pre,PLRS,ARF,AV,IDF,MM,Market,Year
AK,690.93,803.41,1.372,1.647,0.65,1.016,199774.7,1,2018
AL,572.6,665.81,2.072,1.647,0.695,1.03,2136331,1,2018
AR,412.95,480.17,1.856,1.504,0.695,1.029,3615414.6,1,2018
AZ,554.75,645.05,1.575,1.72,0.675,1.023,1709117,1,2018
CA,451.61,525.12,1.293,1.64,0.694,1.034,24130439,1,2018
CO,504.27,586.36,1.3,1.675,0.654,1.017,2359226.6,1,2018
CT,591.82,688.16,1.562,1.778,0.671,1.023,1496758.1,1,2018
DC,374.09,434.99,1.399,1.092,0.728,1.054,192947.8,1,2018
DE,653.64,760.04,1.683,1.734,0.675,1.024,279435.6,1,2018
FL,513.45,597.03,1.598,1.679,0.673,1.023,19340606.4,1,2018
GA,532.85,619.59,1.597,1.648,0.691,1.029,4676111.8,1,2018
HI,512.69,596.15,1.552,1.7,0.723,1.05,358445.1,1,2018
IA,871.02,1012.81,1.665,1.906,0.666,1.021,489418.6,1,2018
ID,449.79,523.02,1.41,1.611,0.664,1.021,1186196.2,1,2018
IL,546.89,635.92,1.56,1.715,0.668,1.022,4336246.1,1,2018
IN,418.81,486.98,1.708,1.764,0.679,1.024,1615930.6,1,2018
KS,531.11,617.57,1.702,1.672,0.698,1.035,1124532.3,1,2018
KY,476.58,554.17,1.741,1.761,0.671,1.023,922708.7,1,2018
LA,561.21,652.57,1.786,1.703,0.677,1.025,1278023.9,1,2018
MD,536.49,623.83,1.678,1.675,0.701,1.036,2227425.7,1,2018
ME,609.87,709.15,1.412,1.762,0.66,1.019,860514.5,1,2018
MI,436.85,507.96,1.498,1.71,0.658,1.019,3889902.8,1,2018
MN,451.73,525.26,1.331,1.818,0.652,1.018,1723269.6,1,2018
MO,559.11,650.12,1.711,1.704,0.673,1.022,2481839.7,1,2018
MS,552.22,642.11,1.902,1.655,0.706,1.034,998106.8,1,2018
MT,553.78,643.93,1.257,1.753,0.641,1.013,630416,1,2018
NC,669.39,778.36,1.689,1.668,0.684,1.027,5666897,1,2018
ND,428.1,497.79,1.366,1.587,0.697,1.035,438789.4,1,2018
NE,748,869.77,1.493,1.61,0.658,1.018,968131.2,1,2018
NH,527.41,613.26,1.729,1.631,0.686,1.026,1004432.1,1,2018
NJ,504.22,586.3,1.507,1.696,0.681,1.025,3690938.3,1,2018
NM,446.83,519.57,1.529,1.803,0.711,1.04,698106,1,2018
NV,429.65,499.59,1.442,1.64,0.665,1.021,1203835.9,1,2018
NY,494.41,574.89,1.628,0.983,0.715,1.047,3533624.3,1,2018
OH,436.07,507.06,1.647,1.778,0.661,1.019,2570189.4,1,2018
OK,587.69,683.37,1.988,1.63,0.673,1.023,1661297.1,1,2018
OR,437.71,508.96,1.386,1.665,0.677,1.026,2277277.4,1,2018
PA,565.66,657.75,1.662,1.769,0.711,1.039,5430133.9,1,2018
RI,375.07,436.13,1.557,1.71,0.706,1.038,530570.1,1,2018
SC,557.23,647.94,1.739,1.699,0.677,1.024,2389934.8,1,2018
SD,534.79,621.85,1.501,1.593,0.662,1.019,392510.2,1,2018
TN,692.86,805.65,1.979,1.748,0.677,1.023,2442757.7,1,2018
TX,470.64,547.26,1.654,1.644,0.676,1.024,11889618.4,1,2018
UT,418.43,486.54,1.204,1.556,0.658,1.018,2245997.9,1,2018
VA,560,651.16,1.564,1.635,0.681,1.026,4067657.2,1,2018
WA,433.89,504.52,1.38,1.735,0.674,1.025,2966680.6,1,2018
WI,642.37,746.94,1.575,1.847,0.677,1.026,2453679.4,1,2018
WV,732.63,851.89,2.045,1.91,0.673,1.023,306789.9,1,2018
WY,827.34,962.02,1.59,1.629,0.724,1.047,300374.4,1,2018
AK,668.72,777.58,1.165,1.478,0.707,1.038,134349.4,2,2018
AL,371.7,432.21,1.438,1.514,0.769,1.068,2522753.8,2,2018
AR,352.82,410.25,1.333,1.448,0.787,1.076,441603.8,2,2018
AZ,358.55,416.92,1.16,1.424,0.724,1.047,1862238.4,2,2018
CA,409.83,476.54,1.1,1.408,0.771,1.072,24493085.5,2,2018
CO,383.34,445.75,1.071,1.399,0.725,1.047,3106797.5,2,2018
CT,479.25,557.27,1.259,1.513,0.717,1.044,1830467.1,2,2018
DC,421.89,490.58,1.232,1.036,0.822,1.1,927770.9,2,2018
DE,520.58,605.33,1.316,1.482,0.753,1.06,313706.1,2,2018
FL,445.34,517.84,1.342,1.488,0.764,1.066,3855427.9,2,2018
GA,438.33,509.68,1.274,1.446,0.742,1.054,2352881.2,2,2018
HI,389.04,452.37,1.349,1.485,0.885,1.139,528528,2,2018
IA,377.58,439.05,1.192,1.448,0.723,1.045,1253314.8,2,2018
ID,325.83,378.87,1.097,1.393,0.741,1.053,664485.2,2,2018
IL,441.68,513.58,1.293,1.456,0.783,1.077,4681156.7,2,2018
IN,441.28,513.11,1.282,1.479,0.721,1.044,1309556.5,2,2018
KS,360.44,419.11,1.245,1.431,0.763,1.065,1097315.8,2,2018
KY,411.06,477.98,1.346,1.463,0.742,1.053,765573.5,2,2018
LA,400.9,466.16,1.283,1.44,0.762,1.066,1571229.3,2,2018
MD,385.25,447.96,1.253,1.45,0.748,1.058,3199136.7,2,2018
ME,385.83,448.64,1.102,1.509,0.692,1.032,633466.3,2,2018
MI,354.62,412.35,1.305,1.437,0.792,1.081,4771107,2,2018
MN,400.47,465.66,1.122,1.466,0.739,1.054,3487772.6,2,2018
MO,423.61,492.57,1.35,1.443,0.744,1.055,1348810.3,2,2018
MS,357.85,416.1,1.261,1.384,0.758,1.061,349219.4,2,2018
MT,390.51,454.08,1.016,1.439,0.708,1.04,539735.4,2,2018
NC,436.03,507.01,1.244,1.482,0.738,1.052,1971456.3,2,2018
ND,376.98,438.34,1.139,1.336,0.823,1.101,432801.2,2,2018
NE,409.77,476.48,1.204,1.425,0.712,1.04,605165.1,2,2018
NH,431.59,501.85,1.254,1.512,0.727,1.045,710269.3,2,2018
NJ,511.95,595.29,1.359,1.477,0.751,1.059,3662547.5,2,2018
NM,421.59,490.22,1.231,1.493,0.768,1.067,600084.9,2,2018
NV,353.22,410.72,1.134,1.385,0.746,1.057,1192204.3,2,2018
NY,595.35,692.26,1.655,0.975,0.771,1.072,11057487.3,2,2018
OH,479.61,557.68,1.55,1.514,0.734,1.05,1239855.3,2,2018
OK,389.07,452.41,1.363,1.466,0.753,1.06,1725147.6,2,2018
OR,369.04,429.12,1.124,1.415,0.765,1.067,2246413,2,2018
PA,442.74,514.82,1.41,1.494,0.788,1.079,4954127.1,2,2018
RI,447.69,520.57,1.461,1.527,0.809,1.091,653983.1,2,2018
SC,454.03,527.95,1.25,1.455,0.736,1.05,807400.2,2,2018
SD,414.18,481.61,1.127,1.431,0.7,1.035,396568,2,2018
TN,367.39,427.19,1.245,1.473,0.729,1.049,2278008.6,2,2018
TX,461.06,536.11,1.326,1.436,0.733,1.051,7597789.4,2,2018
UT,315.85,367.27,1.062,1.413,0.758,1.061,1472955.6,2,2018
VA,419.31,487.57,1.24,1.416,0.782,1.077,4237871.5,2,2018
WA,398,462.79,1.191,1.468,0.764,1.066,2735446.5,2,2018
WI,439.7,511.28,1.208,1.452,0.749,1.059,1351883.3,2,2018
WV,505.43,587.71,1.424,1.506,0.751,1.059,218631,2,2018
WY,493.92,574.33,1.134,1.385,0.717,1.042,98056.4,2,2018
AL,228.19,265.33,1.191,1.113,0.57,1,13086.1,3,2018
AR,149.91,174.31,0.317,1.038,0.57,1,3480.3,3,2018
AZ,199.09,231.5,0.426,0.931,0.57,1,5675.9,3,2018
CA,171.29,199.17,0.275,0.991,0.57,1,305077.1,3,2018
CO,200.99,233.71,0.39,0.998,0.57,1,78779.9,3,2018
CT,186.68,217.07,0.327,1.031,0.57,1,21825.6,3,2018
DC,96.93,112.71,0.298,0.735,0.57,1,9180.7,3,2018
DE,288.7,335.7,0.615,1.013,0.57,1,1578.9,3,2018
FL,157.89,183.59,0.761,1.133,0.57,1,10658.1,3,2018
GA,240.58,279.75,0.474,1.077,0.57,1,33460.1,3,2018
HI,158.38,184.16,0.157,0.954,0.57,1,2551.7,3,2018
IA,285.15,331.57,0.229,0.986,0.57,1,5416.5,3,2018
ID,147.16,171.11,0.601,0.964,0.57,1,16695.8,3,2018
IL,259.21,301.41,0.484,0.999,0.57,1,21405.4,3,2018
IN,298.43,347.02,0.382,1.038,0.57,1,86.2,3,2018
KS,234.51,272.69,0.444,1.06,0.57,1,6946.2,3,2018
KY,166.72,193.86,0.342,0.989,0.57,1,9740.8,3,2018
MA,224.58,261.13,0.311,1.196,0.57,1,13549.8,3,2018
MD,148.72,172.93,0.379,0.998,0.57,1,85487.2,3,2018
ME,194.19,225.8,0.477,1.124,0.57,1,10478.4,3,2018
MI,166.26,193.33,0.445,0.997,0.57,1,77566.5,3,2018
MN,150.24,174.7,0.313,1.015,0.57,1,55001,3,2018
MO,227.01,263.97,0.386,0.944,0.57,1,7352,3,2018
MT,211.34,245.75,0.239,0.986,0.57,1,6665.9,3,2018
NC,174.75,203.2,0.603,1.025,0.57,1,153458.8,3,2018
ND,134.56,156.46,0.368,0.999,0.57,1,28615,3,2018
NE,298.76,347.39,0.656,1.042,0.57,1,12737.4,3,2018
NH,177.44,206.32,0.33,1.014,0.57,1,12055.2,3,2018
NJ,188.47,219.15,0.391,1.013,0.57,1,45029.5,3,2018
NM,158.52,184.33,0.51,0.977,0.57,1,3849.8,3,2018
NV,175.97,204.61,0.782,0.989,0.57,1,13032.7,3,2018
NY,161.99,188.35,0.263,0.995,0.57,1,151425.4,3,2018
OH,170.02,197.69,0.445,1.025,0.57,1,20806.7,3,2018
OK,252.87,294.04,1.247,1.025,0.57,1,5726,3,2018
OR,173.71,201.99,0.267,0.913,0.57,1,5193.2,3,2018
PA,205.99,239.52,0.427,1.029,0.57,1,27852,3,2018
SC,189.75,220.64,0.401,1.055,0.57,1,25664.5,3,2018
SD,210.2,244.42,0.389,0.984,0.57,1,13082.6,3,2018
TN,264.64,307.72,0.714,1.111,0.57,1,2328.1,3,2018
TX,206.85,240.52,0.667,1.048,0.57,1,70160.3,3,2018
UT,180.44,209.81,0.405,1.152,0.57,1,17450.4,3,2018
VA,234.2,272.32,0.488,1.093,0.57,1,39899.2,3,2018
VT,214.18,249.04,0.168,0.999,0.57,1,3421.4,3,2018
WA,160.65,186.8,0.287,1.003,0.57,1,35266.3,3,2018
WI,210.92,245.25,0.416,1.022,0.57,1,23125.3,3,2018
WV,302.34,351.56,1.24,1.027,0.57,1,865.4,3,2018
MA,407.06,473.33,1.368,1.509,0.734,1.05,9208874.8,4,2018
VT,482.69,561.27,1.452,0.981,0.739,1.056,869341.9,4,2018
AK,635.75,739.25,1.391,1.631,0.668,1.025,197187.9,1,2019
AL,570.22,663.05,2.104,1.653,0.695,1.03,2020182.1,1,2019
AR,399.95,465.06,1.934,1.525,0.695,1.029,3315051.2,1,2019
AZ,516.91,601.06,1.606,1.736,0.67,1.022,1649443.5,1,2019
CA,490.82,570.73,1.316,1.652,0.694,1.034,23214714.5,1,2019
CO,522.5,607.55,1.349,1.685,0.651,1.016,2301591,1,2019
CT,554.63,644.92,1.579,1.804,0.661,1.02,1359784.6,1,2019
DC,425.56,494.84,1.505,1.108,0.734,1.057,180369.9,1,2019
DE,716.42,833.05,1.687,1.741,0.697,1.036,271357.6,1,2019
FL,525.92,611.54,1.641,1.676,0.676,1.024,20247275.2,1,2019
GA,515.87,599.85,1.696,1.653,0.686,1.027,4731978,1,2019
HI,544.22,632.82,1.488,1.719,0.728,1.052,361036.6,1,2019
IA,794.28,923.59,1.745,1.881,0.708,1.039,542018.6,1,2019
ID,458.67,533.33,1.399,1.6,0.659,1.02,1166991.2,1,2019
IL,548.97,638.34,1.617,1.734,0.671,1.024,4015311.2,1,2019
IN,422.02,490.72,1.862,1.771,0.681,1.025,1533103.2,1,2019
KS,562.25,653.78,1.813,1.684,0.705,1.038,1050621.4,1,2019
KY,514.77,598.57,1.778,1.767,0.667,1.021,890557.3,1,2019
LA,525.24,610.75,1.868,1.725,0.679,1.026,1176689.1,1,2019
MD,474.56,551.81,1.73,1.689,0.714,1.042,2213581,1,2019
ME,572.62,665.84,1.363,1.755,0.649,1.015,793746.3,1,2019
MI,441.7,513.6,1.52,1.725,0.658,1.018,3659277.4,1,2019
MN,389.06,452.4,1.322,1.808,0.66,1.021,1752128.7,1,2019
MO,561.07,652.41,1.874,1.728,0.677,1.023,2184361,1,2019
MS,528.46,614.49,1.969,1.648,0.706,1.034,1078729.1,1,2019
MT,574.8,668.37,1.337,1.755,0.64,1.013,590094.4,1,2019
NC,630.07,732.63,1.728,1.667,0.684,1.027,5580764.9,1,2019
ND,456.15,530.41,1.406,1.595,0.691,1.033,419334.5,1,2019
NE,745.07,866.36,1.51,1.588,0.701,1.037,997983.8,1,2019
NH,468.11,544.32,1.467,1.803,0.668,1.022,522676.7,1,2019
NJ,449.87,523.1,1.484,1.704,0.681,1.025,3581598,1,2019
NM,425.46,494.73,1.475,1.824,0.698,1.035,625646.2,1,2019
NV,427.57,497.17,1.506,1.651,0.665,1.021,1127116.2,1,2019
NY,511.37,594.62,1.641,0.984,0.699,1.039,3514713,1,2019
OH,468.05,544.25,1.741,1.813,0.658,1.019,2388009.6,1,2019
OK,566.36,658.56,2.001,1.604,0.69,1.031,1780273.1,1,2019
OR,466.56,542.51,1.437,1.687,0.676,1.026,2114159,1,2019
PA,538.19,625.81,1.641,1.792,0.699,1.034,4905018.1,1,2019
RI,397.19,461.85,1.574,1.714,0.708,1.039,530328.7,1,2019
SC,567.3,659.65,1.749,1.7,0.671,1.023,2432266.4,1,2019
SD,552.3,642.2,1.545,1.597,0.659,1.018,380987.5,1,2019
TN,570.63,663.52,2.035,1.765,0.665,1.02,2192279.1,1,2019
TX,469.02,545.37,1.72,1.647,0.677,1.025,11890546.2,1,2019
UT,399.79,464.87,1.215,1.538,0.655,1.017,2330803.8,1,2019
VA,589.44,685.4,1.541,1.672,0.687,1.03,3173553.1,1,2019
WA,486.05,565.17,1.479,1.753,0.671,1.024,2712804.9,1,2019
WI,601.88,699.86,1.628,1.868,0.677,1.026,2342715.8,1,2019
WV,804.72,935.72,2.1,1.932,0.674,1.023,255980.5,1,2019
WY,815.6,948.37,1.558,1.624,0.73,1.049,297100.8,1,2019
AK,688.08,800.1,1.223,1.481,0.721,1.044,159447.7,2,2019
AL,362.37,421.36,1.44,1.515,0.772,1.069,2456880.1,2,2019
AR,364.94,424.35,1.311,1.457,0.788,1.076,515255,2,2019
AZ,381.41,443.5,1.176,1.43,0.725,1.047,1779357.3,2,2019
CA,426.9,496.39,1.093,1.411,0.774,1.074,24764840.3,2,2019
CO,401.87,467.29,1.081,1.397,0.729,1.049,3086623.2,2,2019
CT,516.6,600.7,1.326,1.526,0.722,1.047,1559470.1,2,2019
DC,437.78,509.04,1.247,1.034,0.821,1.099,953257.2,2,2019
DE,546.47,635.43,1.351,1.489,0.767,1.067,302714.9,2,2019
FL,459.03,533.75,1.368,1.493,0.766,1.067,4094992.1,2,2019
GA,480.12,558.28,1.352,1.458,0.754,1.061,1970077.5,2,2019
HI,407.81,474.2,1.303,1.485,0.884,1.139,562738.2,2,2019
IA,390.46,454.03,1.182,1.457,0.723,1.045,1234344.9,2,2019
ID,327.68,381.02,1.099,1.394,0.74,1.053,755519.4,2,2019
IL,444.11,516.4,1.306,1.461,0.788,1.079,4886164.1,2,2019
IN,472.05,548.9,1.316,1.488,0.727,1.046,1250072.8,2,2019
KS,371.13,431.54,1.278,1.436,0.766,1.068,1087536.6,2,2019
KY,453.92,527.81,1.488,1.47,0.751,1.058,651873.7,2,2019
LA,407.1,473.37,1.284,1.443,0.767,1.068,1582490.7,2,2019
MD,396.18,460.68,1.261,1.456,0.748,1.058,3231351.7,2,2019
ME,419.14,487.37,1.13,1.513,0.697,1.034,620721.1,2,2019
MI,350.92,408.04,1.287,1.441,0.794,1.082,4854602.8,2,2019
MN,433.03,503.52,1.139,1.473,0.739,1.055,3270185.5,2,2019
MO,441.66,513.56,1.41,1.456,0.749,1.058,1306899.3,2,2019
MS,361.85,420.75,1.242,1.384,0.76,1.062,383364.9,2,2019
MT,386.31,449.2,1.025,1.439,0.71,1.042,555953.4,2,2019
NC,445.58,518.12,1.266,1.489,0.741,1.054,2140259.8,2,2019
ND,398.89,463.82,1.121,1.34,0.821,1.1,451260.1,2,2019
NE,439.18,510.68,1.201,1.438,0.712,1.041,583460.1,2,2019
NH,446.15,518.78,1.213,1.518,0.727,1.046,719628,2,2019
NJ,526.86,612.63,1.366,1.483,0.75,1.059,3510031.1,2,2019
NM,444.36,516.7,1.233,1.495,0.765,1.066,571707.4,2,2019
NV,367.34,427.14,1.11,1.389,0.748,1.058,1020919.3,2,2019
NY,622.13,723.41,1.669,0.975,0.769,1.071,10530250.2,2,2019
OH,528.23,614.22,1.669,1.526,0.74,1.054,973076.9,2,2019
OK,374.65,435.64,1.38,1.469,0.757,1.062,1794757.9,2,2019
OR,376.95,438.32,1.122,1.409,0.766,1.068,2278725.8,2,2019
PA,444.82,517.24,1.402,1.502,0.788,1.079,5008330.2,2,2019
RI,467.59,543.71,1.458,1.532,0.818,1.096,621774.5,2,2019
SC,477.27,554.97,1.273,1.464,0.735,1.049,830310.8,2,2019
SD,426.24,495.63,1.138,1.434,0.695,1.033,400667.3,2,2019
TN,373.58,434.4,1.302,1.479,0.734,1.052,2214660.5,2,2019
TX,455.58,529.74,1.341,1.44,0.741,1.055,7883355,2,2019
UT,319.2,371.16,1.06,1.416,0.75,1.057,1499029.1,2,2019
VA,436,506.98,1.247,1.43,0.779,1.076,4141329.7,2,2019
WA,405.35,471.34,1.206,1.47,0.765,1.066,2752025.6,2,2019
WI,449.46,522.63,1.226,1.453,0.757,1.063,1385783.2,2,2019
WV,549.05,638.43,1.455,1.512,0.755,1.061,211262.5,2,2019
WY,533.35,620.17,1.016,1.401,0.721,1.044,88218.2,2,2019
AL,228.48,265.67,1.256,1.115,0.57,1,12319,3,2019
AR,163.39,189.99,0.373,1.007,0.57,1,2419.1,3,2019
AZ,221.02,256.99,0.528,0.976,0.57,1,6679.5,3,2019
CA,171.25,199.13,0.288,0.983,0.57,1,324090.6,3,2019
CO,203.19,236.27,0.403,0.994,0.57,1,59588,3,2019
CT,167.35,194.6,0.327,1.033,0.57,1,22616.9,3,2019
DC,106.7,124.07,0.338,0.737,0.57,1,8341.1,3,2019
DE,268.87,312.64,0.367,1.026,0.57,1,1698.3,3,2019
FL,201.81,234.67,0.741,1.173,0.57,1,12381.2,3,2019
GA,175.9,204.54,0.579,1.1,0.57,1,42028.4,3,2019
HI,122.25,142.15,0.204,0.926,0.57,1,5193,3,2019
IA,242.25,281.68,0.343,0.996,0.57,1,3763,3,2019
ID,183.32,213.16,0.428,0.967,0.57,1,10412.2,3,2019
IL,256.19,297.9,0.579,0.994,0.57,1,20314.5,3,2019
IN,314.97,366.24,0.066,1.004,0.57,1,49.7,3,2019
KS,232.73,270.61,0.314,1.061,0.57,1,4786.5,3,2019
KY,155.05,180.29,0.298,0.992,0.57,1,12172.7,3,2019
MA,224.46,261,0.346,1.186,0.57,1,15063.6,3,2019
MD,103.66,120.54,0.396,0.99,0.57,1,82896.4,3,2019
ME,180.8,210.24,0.596,1.117,0.57,1,10834.6,3,2019
MI,166.19,193.24,0.429,0.998,0.57,1,71042.4,3,2019
MN,138.43,160.96,0.318,1.015,0.57,1,50016.9,3,2019
MO,235.11,273.38,0.466,1.043,0.57,1,4890.3,3,2019
MT,246.58,286.72,0.248,1.013,0.57,1,4697.1,3,2019
NC,174.97,203.45,0.584,1.019,0.57,1,128209.9,3,2019
ND,135.73,157.83,0.352,1,0.57,1,25148.1,3,2019
NE,265.71,308.97,0.879,1.043,0.57,1,9821.6,3,2019
NH,139.17,161.82,0.261,1.022,0.57,1,13870.6,3,2019
NJ,164.4,191.17,0.274,1.018,0.57,1,45361.2,3,2019
NM,165.45,192.38,0.504,0.984,0.57,1,2993.5,3,2019
NV,193.58,225.1,0.486,0.985,0.57,1,9206.4,3,2019
NY,154.48,179.63,0.258,0.996,0.57,1,129016.8,3,2019
OH,172.71,200.83,0.432,1.021,0.57,1,26095.8,3,2019
OK,238.54,277.38,0.598,1.028,0.57,1,5398.9,3,2019
OR,150.65,175.17,0.205,0.942,0.57,1,11061.3,3,2019
PA,217.03,252.36,0.478,1.03,0.57,1,21840.9,3,2019
SC,185.6,215.81,0.481,1.049,0.57,1,25653.9,3,2019
SD,206.12,239.67,0.375,0.976,0.57,1,11423.2,3,2019
TN,249.66,290.3,1.049,1.091,0.57,1,5069.1,3,2019
TX,211.44,245.87,0.653,1.047,0.57,1,65276.5,3,2019
UT,178.03,207.01,0.771,1.145,0.57,1,13918.1,3,2019
VA,242.28,281.72,0.438,1.017,0.57,1,26699,3,2019
VT,212.01,246.53,0.272,0.999,0.57,1,3836.2,3,2019
WA,186.82,217.23,0.347,1.003,0.57,1,31066.3,3,2019
WI,189.44,220.28,0.362,1.024,0.57,1,20373.2,3,2019
WV,294.3,342.21,2.725,0.973,0.57,1,1244.1,3,2019
MA,415.46,483.1,1.37,1.515,0.729,1.047,9355882.9,4,2019
VT,508.68,591.49,1.416,0.982,0.742,1.058,822175.7,4,2019
AK,631.44,734.23,1.316,1.627,0.682,1.031,200570.7,1,2020
AL,582.42,677.23,1.91,1.677,0.694,1.03,2021570.9,1,2020
AR,402.13,467.59,1.727,1.506,0.695,1.029,3688771,1,2020
AZ,507.89,590.57,1.42,1.739,0.666,1.021,1658318.1,1,2020
CA,485.39,564.41,1.127,1.654,0.691,1.033,25166338.1,1,2020
CO,401.42,466.77,1.181,1.671,0.653,1.017,2541231.6,1,2020
CT,601.54,699.47,1.35,1.815,0.66,1.02,1367412,1,2020
DC,466.83,542.83,1.368,1.116,0.735,1.057,181770.1,1,2020
DE,572.25,665.41,1.477,1.733,0.705,1.04,307839.1,1,2020
FL,517.33,601.54,1.458,1.671,0.676,1.024,22797710.3,1,2020
GA,486.43,565.61,1.526,1.649,0.686,1.027,5215350.3,1,2020
HI,523.33,608.53,1.303,1.72,0.73,1.053,372992,1,2020
IA,710.05,825.64,1.488,1.857,0.719,1.044,623174.2,1,2020
ID,458.64,533.3,1.166,1.592,0.646,1.015,944220.5,1,2020
IL,541.28,629.4,1.439,1.742,0.668,1.022,3947137.1,1,2020
IN,465.88,541.72,1.589,1.775,0.672,1.022,1514722,1,2020
KS,545.02,633.75,1.648,1.694,0.699,1.035,1022528.5,1,2020
KY,513.57,597.17,1.567,1.759,0.662,1.02,895210.1,1,2020
LA,580.9,675.47,1.666,1.74,0.676,1.025,1127288.8,1,2020
MD,423.51,492.45,1.473,1.689,0.719,1.045,2459932.3,1,2020
ME,547.14,636.21,1.166,1.75,0.645,1.014,742071.3,1,2020
MI,406.11,472.22,1.324,1.736,0.654,1.017,3679630.1,1,2020
MN,369.8,430,1.146,1.796,0.662,1.022,1843462.5,1,2020
MO,547.96,637.17,1.749,1.736,0.675,1.023,2231458.5,1,2020
MS,509.57,592.53,1.735,1.639,0.701,1.032,1220672.7,1,2020
MT,485.84,564.93,1.198,1.743,0.642,1.014,597465.1,1,2020
NC,570.46,663.32,1.481,1.663,0.679,1.026,5902198.5,1,2020
ND,417.64,485.62,1.2,1.593,0.687,1.032,417784.4,1,2020
NE,664.04,772.14,1.4,1.589,0.685,1.031,1030895.6,1,2020
NH,460.01,534.89,1.242,1.8,0.666,1.021,551660.5,1,2020
NJ,482.05,560.52,1.333,1.711,0.68,1.025,3667880,1,2020
NM,429.49,499.4,1.309,1.835,0.704,1.038,584563.6,1,2020
NV,416.35,484.13,1.283,1.668,0.66,1.019,1124491,1,2020
NY,524.52,609.91,1.389,0.984,0.691,1.035,3417952.4,1,2020
OH,451.9,525.46,1.549,1.812,0.652,1.017,2377929.2,1,2020
OK,548.72,638.05,1.726,1.603,0.678,1.026,1836753.7,1,2020
OR,465.09,540.8,1.275,1.697,0.673,1.025,2093756.2,1,2020
PA,531.19,617.66,1.446,1.807,0.695,1.033,4709810.8,1,2020
RI,387.21,450.25,1.346,1.724,0.71,1.04,527417.2,1,2020
SC,522.4,607.44,1.536,1.702,0.663,1.021,2567433.6,1,2020
SD,581.67,676.36,1.36,1.603,0.656,1.017,393777.9,1,2020
TN,549.36,638.78,1.817,1.764,0.661,1.019,2253006.2,1,2020
TX,458.92,533.63,1.579,1.646,0.673,1.023,13187898.8,1,2020
UT,371.44,431.91,1.072,1.527,0.649,1.015,2407996.3,1,2020
VA,553.34,643.42,1.347,1.691,0.682,1.029,3000691.1,1,2020
WA,456.23,530.5,1.268,1.755,0.667,1.023,2701272.7,1,2020
WI,563.34,655.05,1.425,1.883,0.672,1.025,2325619.5,1,2020
WV,849,987.21,1.907,1.936,0.673,1.023,237692.3,1,2020
WY,825.44,959.82,1.408,1.624,0.734,1.051,304185.7,1,2020
AK,701.19,815.33,1.029,1.476,0.725,1.046,165236.2,2,2020
AL,401.64,467.02,1.283,1.527,0.775,1.071,2183378,2,2020
AR,371.05,431.46,1.168,1.464,0.786,1.075,568184.5,2,2020
AZ,400.6,465.81,1.077,1.433,0.729,1.049,1685901.5,2,2020
CA,447.86,520.77,0.971,1.415,0.776,1.075,24435777.8,2,2020
CO,424.32,493.39,0.973,1.396,0.731,1.05,2885003,2,2020
CT,549.89,639.41,1.185,1.532,0.728,1.05,1365468.5,2,2020
DC,460.43,535.38,1.074,1.033,0.818,1.097,976455.6,2,2020
DE,537.93,625.5,1.203,1.495,0.768,1.068,286729,2,2020
FL,473.44,550.52,1.219,1.497,0.768,1.069,3983556,2,2020
GA,537.86,625.42,1.293,1.472,0.757,1.062,1441802.1,2,2020
HI,422.87,491.71,1.175,1.487,0.884,1.139,532927.7,2,2020
IA,403.86,469.6,1.051,1.462,0.715,1.043,1170930.7,2,2020
ID,332.99,387.2,0.975,1.394,0.739,1.052,828933.5,2,2020
IL,446.33,518.98,1.156,1.464,0.791,1.081,5014612.8,2,2020
IN,511.23,594.46,1.202,1.501,0.73,1.048,1067711.5,2,2020
KS,392.32,456.19,1.175,1.439,0.767,1.069,1016681.9,2,2020
KY,505.58,587.89,1.369,1.476,0.755,1.06,445439.3,2,2020
LA,417.72,485.72,1.142,1.45,0.769,1.069,1557782,2,2020
MD,410.41,477.22,1.071,1.464,0.748,1.058,3164865.8,2,2020
ME,447.36,520.18,0.995,1.523,0.697,1.034,600992.4,2,2020
MI,349.13,405.97,1.128,1.444,0.794,1.082,4949869.6,2,2020
MN,447.61,520.48,1.009,1.476,0.741,1.056,3007628.1,2,2020
MO,454.98,529.04,1.274,1.462,0.75,1.06,1177444.5,2,2020
MS,372.68,433.35,1.103,1.382,0.764,1.063,419001.8,2,2020
MT,395.37,459.73,0.944,1.435,0.716,1.044,542662.4,2,2020
NC,449.15,522.27,1.113,1.49,0.743,1.054,2218659.9,2,2020
ND,421.6,490.23,1.058,1.35,0.819,1.099,452054.3,2,2020
NE,496.22,576.99,1.133,1.444,0.717,1.043,522932,2,2020
NH,455.68,529.86,1.053,1.521,0.729,1.047,711435.6,2,2020
NJ,531.54,618.07,1.217,1.487,0.752,1.059,3410203.7,2,2020
NM,451.19,524.64,1.084,1.494,0.77,1.069,559184.6,2,2020
NV,380.76,442.75,1.024,1.391,0.75,1.059,971074.9,2,2020
NY,648.75,754.36,1.476,0.976,0.766,1.07,9931217.9,2,2020
OH,590.37,686.48,1.596,1.54,0.744,1.056,739680.8,2,2020
OK,368.82,428.86,1.228,1.47,0.761,1.065,1872000.2,2,2020
OR,391.5,455.23,0.985,1.41,0.766,1.067,2255897,2,2020
PA,445.54,518.07,1.244,1.506,0.786,1.078,5102645.8,2,2020
RI,467.77,543.91,1.29,1.545,0.814,1.094,601268.8,2,2020
SC,518.32,602.7,1.142,1.471,0.734,1.049,764538.2,2,2020
SD,432.69,503.13,0.999,1.431,0.685,1.03,400708.7,2,2020
TN,393.27,457.29,1.148,1.482,0.734,1.052,2072790.3,2,2020
TX,470.94,547.61,1.217,1.445,0.744,1.056,7788206.1,2,2020
UT,318.08,369.86,0.969,1.42,0.746,1.055,1555762.1,2,2020
VA,454.7,528.72,1.108,1.439,0.777,1.074,3906661.4,2,2020
WA,417.6,485.59,1.062,1.473,0.765,1.067,2711245.4,2,2020
WI,459.05,533.78,1.087,1.457,0.76,1.064,1384508.6,2,2020
WV,559.75,650.87,1.255,1.505,0.753,1.06,195521.4,2,2020
WY,540.36,628.33,0.947,1.402,0.722,1.045,81325.1,2,2020
AL,238.95,277.85,1.025,1.136,0.57,1,11813.8,3,2020
AZ,207.44,241.21,0.513,0.979,0.57,1,8155.7,3,2020
CA,169.66,197.28,0.24,0.985,0.57,1,386789.3,3,2020
CO,171.23,199.1,0.332,0.995,0.57,1,62286.7,3,2020
CT,172.51,200.59,0.283,1.028,0.57,1,23710.8,3,2020
DC,110.52,128.51,0.214,0.737,0.57,1,9372.8,3,2020
DE,204.09,237.32,0.209,1.006,0.57,1,2159.9,3,2020
FL,196.08,228,0.477,1.169,0.57,1,24302,3,2020
GA,201.54,234.35,0.483,1.084,0.57,1,34355.4,3,2020
HI,124.73,145.03,0.207,0.945,0.57,1,5990.4,3,2020
IA,201.93,234.8,0.394,1.01,0.57,1,3944.6,3,2020
ID,197.07,229.15,0.638,0.974,0.57,1,7141.9,3,2020
IL,255.68,297.31,0.59,1.006,0.57,1,21457.8,3,2020
IN,330.46,384.26,0.843,1.001,0.57,1,34.6,3,2020
KS,221.23,257.25,0.712,1.117,0.57,1,4819.4,3,2020
KY,193,224.42,0.404,0.992,0.57,1,9497.6,3,2020
MA,225.75,262.5,0.317,1.18,0.57,1,16317,3,2020
MD,93.52,108.75,0.306,0.989,0.57,1,81306.1,3,2020
ME,174.36,202.75,0.416,1.031,0.57,1,9890.1,3,2020
MI,153.98,179.04,0.352,1,0.57,1,70466,3,2020
MN,133.66,155.42,0.273,1.016,0.57,1,56094.4,3,2020
MO,218.61,254.19,0.501,1.123,0.57,1,7593.8,3,2020
MT,221.77,257.87,0.489,0.997,0.57,1,3078.5,3,2020
NC,174.68,203.12,0.568,1.032,0.57,1,125147.6,3,2020
ND,132.34,153.88,0.552,0.998,0.57,1,23919.5,3,2020
NE,242.54,282.03,0.959,1.05,0.57,1,8512.3,3,2020
NH,142,165.12,0.33,1.027,0.57,1,13407.3,3,2020
NJ,197.76,229.95,0.308,1.018,0.57,1,39839.4,3,2020
NM,206.48,240.1,0.549,0.984,0.57,1,2569.8,3,2020
NV,196.37,228.34,0.5,0.981,0.57,1,7316.1,3,2020
NY,169.82,197.47,0.236,0.997,0.57,1,114607,3,2020
OH,168.5,195.94,0.453,1.023,0.57,1,23079.3,3,2020
OK,241.05,280.29,0.84,1.075,0.57,1,5407.8,3,2020
OR,151.2,175.81,0.204,0.946,0.57,1,11723,3,2020
PA,206.08,239.63,0.445,1.036,0.57,1,22188.7,3,2020
SC,162.46,188.91,0.632,1.066,0.57,1,29188.8,3,2020
SD,206.31,239.89,0.346,0.979,0.57,1,11055.9,3,2020
TN,230.63,268.17,0.451,1.111,0.57,1,5121.4,3,2020
TX,216.35,251.57,0.568,1.059,0.57,1,66335.6,3,2020
UT,173.88,202.19,0.682,1.146,0.57,1,12759.4,3,2020
VA,198.27,230.55,0.353,1.009,0.57,1,30590.3,3,2020
VT,230.32,267.81,0.216,0.999,0.57,1,4419.3,3,2020
WA,176.84,205.62,0.247,1.003,0.57,1,33880.3,3,2020
WI,188.09,218.7,0.347,1.023,0.57,1,19338.9,3,2020
WV,311.18,361.84,1.489,0.982,0.57,1,1023.8,3,2020
MA,427.63,497.24,1.18,1.517,0.728,1.047,9278622.8,4,2020
VT,558.27,649.15,1.211,0.982,0.74,1.057,827958.1,4,2020
AK,599.63,697.24,1.346,1.619,0.694,1.036,226778.8,1,2021
AL,621.95,723.2,2.031,1.664,0.694,1.03,2324068.3,1,2021
AR,412.32,479.45,1.815,1.486,0.695,1.029,4342416.5,1,2021
AZ,496.66,577.51,1.491,1.74,0.665,1.02,1875951.9,1,2021
CA,486.35,565.52,1.193,1.662,0.693,1.033,26011658.2,1,2021
CO,387.9,451.05,1.213,1.668,0.657,1.019,2711144.4,1,2021
CT,607.29,706.15,1.404,1.813,0.666,1.022,1354356.4,1,2021
DC,471.48,548.23,1.449,1.123,0.735,1.057,186745.4,1,2021
DE,582,676.74,1.559,1.747,0.715,1.044,343722.9,1,2021
FL,516.09,600.11,1.508,1.675,0.674,1.023,27369981.3,1,2021
GA,498.79,579.99,1.61,1.656,0.687,1.028,6515646.2,1,2021
HI,514.56,598.32,1.257,1.721,0.737,1.057,392424.5,1,2021
IA,552.09,641.97,1.479,1.87,0.696,1.036,682461.3,1,2021
ID,453.48,527.3,1.217,1.616,0.642,1.014,906942.9,1,2021
IL,531.89,618.47,1.509,1.747,0.667,1.022,4084589.5,1,2021
IN,500.65,582.15,1.651,1.797,0.665,1.02,1528834,1,2021
KS,538.41,626.06,1.778,1.702,0.688,1.03,1135230.4,1,2021
KY,521.95,606.92,1.611,1.776,0.659,1.019,901325.2,1,2021
LA,632.48,735.45,1.701,1.755,0.677,1.025,1137451.1,1,2021
MD,373.32,434.09,1.515,1.703,0.723,1.047,2583232.2,1,2021
ME,480.68,558.93,1.234,1.761,0.653,1.017,760861.4,1,2021
MI,415.66,483.32,1.391,1.74,0.654,1.017,3860193,1,2021
MN,378.15,439.71,1.226,1.79,0.664,1.023,1898949.6,1,2021
MO,550.23,639.8,1.908,1.747,0.673,1.023,2544550.8,1,2021
MS,521.64,606.56,1.774,1.653,0.693,1.029,1403539.6,1,2021
MT,490.52,570.38,1.257,1.728,0.645,1.016,630252.9,1,2021
NC,546.61,635.6,1.527,1.674,0.677,1.026,6752728.3,1,2021
ND,430.9,501.05,1.249,1.58,0.695,1.035,464001.5,1,2021
NE,621.06,722.16,1.35,1.592,0.662,1.022,1048815.6,1,2021
NH,388.17,451.36,1.312,1.794,0.672,1.024,626951.7,1,2021
NJ,498.68,579.86,1.389,1.708,0.683,1.025,4225836.5,1,2021
NM,402.62,468.16,1.311,1.856,0.694,1.034,591236.3,1,2021
NV,431.03,501.2,1.356,1.673,0.665,1.021,1286856.4,1,2021
NY,538.81,626.52,1.495,0.982,0.695,1.037,2995498.2,1,2021
OH,457.1,531.52,1.589,1.809,0.652,1.016,2578881.6,1,2021
OK,535.32,622.47,1.794,1.611,0.675,1.026,2108104.8,1,2021
OR,473.37,550.43,1.284,1.71,0.673,1.026,2060381.1,1,2021
PA,514.75,598.55,1.521,1.812,0.704,1.037,4999270.5,1,2021
RI,411.58,478.58,1.342,1.726,0.713,1.042,509104.7,1,2021
SC,497.55,578.54,1.58,1.706,0.659,1.019,3064590.4,1,2021
SD,599.28,696.84,1.45,1.615,0.655,1.017,444226.2,1,2021
TN,527.29,613.12,1.854,1.76,0.66,1.018,2624157.1,1,2021
TX,473.67,550.78,1.585,1.649,0.673,1.023,16899544.4,1,2021
UT,357.95,416.22,1.144,1.524,0.648,1.015,2674806.3,1,2021
VA,512.62,596.07,1.387,1.699,0.684,1.03,3242749.6,1,2021
WA,437.63,508.88,1.284,1.752,0.664,1.022,2856888.4,1,2021
WI,541.29,629.41,1.438,1.915,0.667,1.023,2381328.6,1,2021
WV,891.38,1036.49,1.928,1.952,0.673,1.023,226488.3,1,2021
WY,745.19,866.51,1.525,1.631,0.741,1.055,356004,1,2021
AK,721.57,839.04,1.052,1.473,0.73,1.049,160770.2,2,2021
AL,402.41,467.92,1.334,1.484,0.776,1.072,2225491.9,2,2021
AR,373.56,434.37,1.206,1.46,0.786,1.076,640458,2,2021
AZ,419.14,487.37,1.134,1.438,0.733,1.051,1678742,2,2021
CA,462.45,537.73,1.013,1.417,0.777,1.076,24486920,2,2021
CO,442.21,514.2,1.036,1.396,0.733,1.051,2805018.9,2,2021
CT,584.42,679.56,1.237,1.53,0.732,1.052,1241548.1,2,2021
DC,474.85,552.15,1.095,1.035,0.814,1.095,989556.3,2,2021
DE,546.36,635.3,1.275,1.5,0.77,1.068,275775.2,2,2021
FL,490.32,570.14,1.299,1.5,0.769,1.069,3986475.1,2,2021
GA,587.46,683.09,1.367,1.475,0.757,1.062,1142389.5,2,2021
HI,427.83,497.48,1.166,1.493,0.886,1.14,539257,2,2021
IA,411.26,478.21,1.096,1.463,0.713,1.042,1142959.9,2,2021
ID,350.01,406.98,1.002,1.387,0.738,1.052,903612.2,2,2021
IL,466.12,542,1.211,1.463,0.793,1.082,5108427.4,2,2021
IN,550.14,639.7,1.302,1.512,0.737,1.051,908775.6,2,2021
KS,416.96,484.84,1.242,1.44,0.766,1.068,957126.4,2,2021
KY,557.42,648.17,1.493,1.487,0.758,1.06,335837.3,2,2021
LA,444.29,516.62,1.174,1.456,0.772,1.07,1504154.5,2,2021
MD,428.16,497.86,1.124,1.469,0.749,1.058,3050111.5,2,2021
ME,473.75,550.87,1.061,1.522,0.704,1.037,578889.7,2,2021
MI,364.34,423.65,1.194,1.44,0.794,1.081,5097467.9,2,2021
MN,465.78,541.61,1.106,1.478,0.744,1.057,2832656.6,2,2021
MO,498.97,580.2,1.347,1.465,0.751,1.06,1014072.2,2,2021
MS,377.11,438.5,1.107,1.376,0.768,1.065,444289.2,2,2021
MT,409.16,475.77,1.007,1.432,0.722,1.047,542710.3,2,2021
NC,458.07,532.63,1.157,1.486,0.747,1.056,2327018.8,2,2021
ND,430.07,500.08,1.141,1.352,0.818,1.098,464778.3,2,2021
NE,528.04,613.99,1.143,1.441,0.722,1.045,436129.2,2,2021
NH,475.2,552.56,1.112,1.517,0.736,1.049,762140.1,2,2021
NJ,547.59,636.73,1.273,1.491,0.753,1.06,3392215.1,2,2021
NM,466.01,541.87,1.184,1.496,0.775,1.071,556823.3,2,2021
NV,399.08,464.04,1.067,1.397,0.755,1.06,1009393.3,2,2021
NY,681.26,792.16,1.529,0.976,0.765,1.07,9323103.2,2,2021
OH,633.61,736.75,1.706,1.545,0.747,1.057,623068.1,2,2021
OK,369.68,429.86,1.259,1.465,0.769,1.07,1982769.3,2,2021
OR,406.69,472.89,1.018,1.413,0.767,1.068,2209198.8,2,2021
PA,468.32,544.56,1.29,1.505,0.781,1.074,4895639.5,2,2021
RI,490.3,570.11,1.335,1.54,0.813,1.093,582299.3,2,2021
SC,555.48,645.91,1.19,1.471,0.736,1.05,679912.5,2,2021
SD,441.72,513.62,1.051,1.428,0.684,1.029,402317.6,2,2021
TN,410.78,477.66,1.22,1.484,0.734,1.052,2005687.4,2,2021
TX,496.81,577.69,1.272,1.448,0.747,1.058,7659811.4,2,2021
UT,324.53,377.36,1.022,1.42,0.743,1.054,1626414.4,2,2021
VA,474.56,551.81,1.185,1.445,0.779,1.075,3736970.4,2,2021
WA,438.41,509.78,1.101,1.473,0.766,1.067,2711955.6,2,2021
WI,480.71,558.97,1.157,1.459,0.765,1.067,1346838.3,2,2021
WV,597.55,694.83,1.36,1.507,0.753,1.06,181865.5,2,2021
WY,565.49,657.55,1.05,1.394,0.733,1.05,81649.2,2,2021
AL,238.13,276.9,0.971,1.127,0.57,1,16161.6,3,2021
AZ,196.17,228.11,0.393,0.974,0.57,1,9956.4,3,2021
CA,173.11,201.29,0.247,0.985,0.57,1,372487.6,3,2021
CO,163.88,190.56,0.354,1.001,0.57,1,57955.6,3,2021
CT,164.05,190.75,0.283,1.025,0.57,1,24770.3,3,2021
DC,115.68,134.51,0.403,0.736,0.57,1,7817,3,2021
DE,214.54,249.46,0.364,1.054,0.57,1,2532.7,3,2021
FL,206.03,239.57,0.609,1.175,0.57,1,37213,3,2021
GA,206.29,239.87,0.66,1.106,0.57,1,39710.8,3,2021
HI,127.71,148.51,0.241,0.963,0.57,1,5950.4,3,2021
IA,196.55,228.55,0.52,1.016,0.57,1,3109,3,2021
ID,198.59,230.92,0.579,0.976,0.57,1,6970.7,3,2021
IL,249.67,290.32,0.429,1.009,0.57,1,22621.3,3,2021
KS,222.03,258.18,0.938,1.129,0.57,1,4939.8,3,2021
KY,192.27,223.57,0.481,0.988,0.57,1,8365.1,3,2021
MA,249.06,289.6,0.259,1.185,0.57,1,15185.5,3,2021
MD,91.22,106.07,0.338,0.99,0.57,1,74297.9,3,2021
ME,155.91,181.29,0.329,1.027,0.57,1,12432.7,3,2021
MI,157.33,182.95,0.443,1.003,0.57,1,71196.2,3,2021
MN,134.67,156.59,0.262,1.023,0.57,1,54136.5,3,2021
MO,214.12,248.97,0.71,1.141,0.57,1,13485.8,3,2021
MT,218.97,254.62,0.244,0.997,0.57,1,3406.6,3,2021
NC,181.61,211.17,0.543,1.053,0.57,1,130159.5,3,2021
ND,129.35,150.41,0.34,0.995,0.57,1,22316,3,2021
NE,211.64,246.09,0.939,0.97,0.57,1,7000,3,2021
NH,124,144.18,0.285,1.03,0.57,1,14040.2,3,2021
NJ,201.58,234.4,0.292,1.015,0.57,1,36456.3,3,2021
NM,168.08,195.45,0.166,1.002,0.57,1,1205.3,3,2021
NV,191.91,223.15,0.524,0.979,0.57,1,8305.2,3,2021
NY,174.75,203.19,0.242,0.997,0.57,1,83831.3,3,2021
OH,162.53,188.99,0.389,1.022,0.57,1,29132.2,3,2021
OK,229.21,266.52,0.486,1.114,0.57,1,6039.1,3,2021
OR,151.99,176.73,0.207,0.949,0.57,1,9510.5,3,2021
PA,183.23,213.06,0.387,1.03,0.57,1,25918.2,3,2021
SC,167.88,195.21,0.568,1.087,0.57,1,35860.8,3,2021
SD,204.59,237.9,0.402,1.008,0.57,1,12719.6,3,2021
TN,251.82,292.82,0.427,1.121,0.57,1,4857.4,3,2021
TX,227.48,264.52,0.671,1.085,0.57,1,76114.3,3,2021
UT,170.32,198.05,0.587,1.143,0.57,1,12193.5,3,2021
VA,185.27,215.43,0.447,1.01,0.57,1,34878.7,3,2021
VT,224.2,260.7,0.392,0.999,0.57,1,3907.7,3,2021
WA,171.18,199.04,0.264,1.01,0.57,1,19033.5,3,2021
WI,177.93,206.89,0.34,1.023,0.57,1,21392.9,3,2021
WV,313.69,364.75,0.952,0.992,0.57,1,1158.9,3,2021
MA,460.04,534.93,1.219,1.526,0.728,1.046,8733940.5,4,2021
VT,571.66,664.72,1.277,0.982,0.738,1.056,797684,4,2021
AK,636.36,739.95,1.412,1.613,0.712,1.043,275368.2,1,2022
AL,661.81,769.54,1.924,1.671,0.694,1.03,2662349.8,1,2022
AR,428.85,498.66,1.75,1.488,0.694,1.028,4708393.3,1,2022
AZ,476.68,554.28,1.383,1.724,0.668,1.021,2261556.6,1,2022
CA,494.72,575.25,1.204,1.665,0.697,1.035,26300149.5,1,2022
CO,391.91,455.71,1.238,1.666,0.666,1.023,2904287.9,1,2022
CT,651.09,757.08,1.413,1.828,0.677,1.027,1360851.4,1,2022
DC,512.21,595.6,1.519,1.149,0.741,1.06,166170.6,1,2022
DE,604.39,702.78,1.519,1.731,0.731,1.051,400016.9,1,2022
FL,524.47,609.84,1.425,1.655,0.673,1.023,32795649.6,1,2022
GA,453.21,526.99,1.562,1.649,0.687,1.028,8018876.2,1,2022
HI,528.35,614.36,1.27,1.722,0.75,1.064,387499.4,1,2022
IA,574.33,667.82,1.427,1.861,0.694,1.035,829807.7,1,2022
ID,442.1,514.07,1.191,1.62,0.647,1.016,921339.5,1,2022
IL,552.03,641.9,1.471,1.75,0.67,1.023,4210205.8,1,2022
IN,485.8,564.89,1.558,1.785,0.664,1.02,1768791.7,1,2022
KS,540.08,628,1.773,1.706,0.682,1.028,1272229.4,1,2022
KY,499.31,580.6,1.694,1.81,0.658,1.019,778768.7,1,2022
LA,653.08,759.4,1.627,1.748,0.677,1.025,1291176.5,1,2022
MD,377.3,438.72,1.497,1.696,0.73,1.05,2713542.8,1,2022
ME,473.08,550.09,1.267,1.749,0.662,1.021,807864.1,1,2022
MI,437.76,509.03,1.357,1.756,0.655,1.018,4066023.2,1,2022
MN,413.5,480.81,1.267,1.798,0.667,1.024,1910477.5,1,2022
MO,541.68,629.87,1.829,1.752,0.669,1.021,2663183.7,1,2022
MS,523.93,609.23,1.812,1.648,0.693,1.029,1691516.9,1,2022
MT,492.61,572.8,1.218,1.708,0.653,1.018,694707.1,1,2022
NC,544.68,633.34,1.456,1.663,0.673,1.024,8014340.1,1,2022
ND,447.68,520.56,1.29,1.584,0.706,1.04,540870.2,1,2022
NE,610.52,709.9,1.275,1.606,0.636,1.012,1098607.4,1,2022
NH,389.17,452.52,1.325,1.788,0.678,1.026,687329.2,1,2022
NJ,534.88,621.95,1.384,1.71,0.685,1.026,4495159.6,1,2022
NM,453.47,527.29,1.392,1.862,0.743,1.055,527402.4,1,2022
NV,441.07,512.88,1.329,1.669,0.665,1.021,1358420.3,1,2022
NY,554.42,644.68,1.573,0.981,0.697,1.038,2957387.7,1,2022
OH,497.07,577.99,1.702,1.851,0.656,1.018,3111976.5,1,2022
OK,527.17,612.99,1.684,1.609,0.673,1.025,2170548.3,1,2022
OR,490.55,570.41,1.294,1.721,0.679,1.028,2051370.8,1,2022
PA,509.34,592.26,1.499,1.81,0.713,1.041,5156185.1,1,2022
RI,427.15,496.68,1.418,1.738,0.719,1.045,494215.9,1,2022
SC,497.47,578.45,1.512,1.691,0.657,1.019,3726783.9,1,2022
SD,592.58,689.05,1.406,1.613,0.662,1.02,528892.3,1,2022
TN,527.67,613.57,1.791,1.74,0.659,1.018,3193182.2,1,2022
TX,476.99,554.63,1.476,1.633,0.684,1.027,21675064.9,1,2022
UT,359.19,417.66,1.107,1.511,0.653,1.016,3179915.1,1,2022
VA,495.23,575.85,1.368,1.691,0.692,1.033,3684783.6,1,2022
VT,614.77,714.84,1.332,0.988,0.713,1.043,345090.6,1,2022
WA,462.2,537.44,1.31,1.763,0.67,1.024,2883714,1,2022
WI,538.75,626.45,1.435,1.925,0.671,1.025,2560337.4,1,2022
WV,978.13,1137.36,1.841,1.921,0.682,1.029,273196.7,1,2022
WY,731.96,851.12,1.446,1.634,0.746,1.056,429185.2,1,2022
AK,756.27,879.38,1.074,1.47,0.736,1.052,151266.6,2,2022
AL,431.14,501.33,1.31,1.524,0.776,1.072,2221465.8,2,2022
AR,379.76,441.58,1.207,1.457,0.787,1.077,688439,2,2022
AZ,433.97,504.62,1.107,1.442,0.739,1.054,1671950.4,2,2022
CA,476.83,554.46,1.021,1.418,0.78,1.077,24982607.1,2,2022
CO,462.37,537.64,1.056,1.396,0.739,1.054,2714420.5,2,2022
CT,617.96,718.56,1.286,1.534,0.739,1.055,1145192.5,2,2022
DC,479.66,557.75,1.11,1.034,0.814,1.095,1032477.4,2,2022
DE,591.94,688.31,1.307,1.495,0.774,1.07,275732.7,2,2022
FL,514.07,597.76,1.272,1.497,0.77,1.07,4085723.5,2,2022
GA,633.3,736.39,1.356,1.473,0.754,1.06,955724.4,2,2022
HI,434.58,505.32,1.176,1.503,0.887,1.141,550933.3,2,2022
IA,417.47,485.43,1.084,1.454,0.716,1.043,1141998.2,2,2022
ID,365.53,425.03,0.967,1.377,0.739,1.053,984087.5,2,2022
IL,494.67,575.2,1.219,1.463,0.795,1.083,5153581.2,2,2022
IN,582.82,677.7,1.34,1.515,0.745,1.055,836234.6,2,2022
KS,434.45,505.18,1.229,1.44,0.767,1.069,898405,2,2022
KY,604.25,702.62,1.62,1.487,0.764,1.064,263576.4,2,2022
LA,472.09,548.95,1.207,1.458,0.774,1.071,1491572.8,2,2022
MD,448.71,521.75,1.124,1.474,0.751,1.059,2983064.2,2,2022
ME,483.18,561.84,1.083,1.514,0.709,1.039,574963.3,2,2022
MI,380.15,442.03,1.164,1.444,0.794,1.081,5168330.5,2,2022
MN,480.41,558.62,1.131,1.483,0.747,1.058,2749299.7,2,2022
MO,534.47,621.47,1.362,1.465,0.753,1.061,898583.3,2,2022
MS,386.41,449.32,1.125,1.376,0.773,1.068,480843.5,2,2022
MT,426.05,495.41,1.005,1.422,0.727,1.049,560386.3,2,2022
NC,474.63,551.89,1.152,1.488,0.75,1.058,2360682.3,2,2022
ND,441.97,513.91,1.13,1.35,0.818,1.098,503652.3,2,2022
NE,553.01,643.03,1.224,1.443,0.726,1.047,392553,2,2022
NH,490.5,570.35,1.12,1.515,0.742,1.052,760515.8,2,2022
NJ,583.68,678.7,1.292,1.493,0.755,1.061,3260240.7,2,2022
NM,505.51,587.81,1.139,1.499,0.778,1.073,529484.6,2,2022
NV,423.99,493.01,1.056,1.405,0.759,1.062,987274,2,2022
NY,722.29,839.87,1.54,0.976,0.767,1.07,8882827.5,2,2022
OH,691.18,803.7,1.797,1.548,0.751,1.059,521505.8,2,2022
OK,391.69,455.46,1.255,1.465,0.777,1.074,2025498.2,2,2022
OR,421.14,489.69,1.025,1.418,0.771,1.07,2193692.9,2,2022
PA,486.59,565.81,1.291,1.503,0.779,1.073,4740211.6,2,2022
RI,491.03,570.97,1.302,1.538,0.812,1.093,576894.8,2,2022
SC,577.68,671.72,1.2,1.47,0.739,1.052,632393.9,2,2022
SD,455.44,529.58,1.054,1.419,0.689,1.031,401691.6,2,2022
TN,431.46,501.7,1.247,1.484,0.737,1.053,1942462.7,2,2022
TX,526.98,612.77,1.272,1.447,0.751,1.06,7543970.7,2,2022
UT,335.71,390.36,1.013,1.419,0.742,1.054,1696570.5,2,2022
VA,483.64,562.37,1.196,1.449,0.784,1.076,3668468,2,2022
VT,561.91,653.38,1.278,0.978,0.762,1.067,445911.6,2,2022
WA,449,522.09,1.108,1.471,0.768,1.068,2792481.8,2,2022
WI,510.33,593.41,1.171,1.458,0.768,1.069,1295128.7,2,2022
WV,670.84,780.05,1.399,1.541,0.757,1.062,177613.9,2,2022
WY,574.45,667.96,1.078,1.38,0.745,1.056,91592.9,2,2022
AL,250.94,291.79,0.849,1.122,0.57,1,13570.3,3,2022
AR,211.34,245.74,0.082,1.048,0.57,1,39.2,3,2022
AZ,178.2,207.21,0.267,0.999,0.57,1,4127.6,3,2022
CA,176.98,205.79,0.267,0.975,0.57,1,309319.6,3,2022
CO,157.76,183.44,0.296,1.003,0.57,1,49025.8,3,2022
CT,163.36,189.96,0.283,1.022,0.57,1,21300,3,2022
DC,113.1,131.51,0.247,0.734,0.57,1,5452.3,3,2022
DE,214.44,249.35,0.475,1.038,0.57,1,2037.4,3,2022
FL,201.83,234.69,0.582,1.172,0.57,1,35392.7,3,2022
GA,199.41,231.87,0.875,1.113,0.57,1,33114.5,3,2022
HI,128.81,149.78,0.176,0.971,0.57,1,5346.6,3,2022
IA,200.42,233.05,0.574,1.009,0.57,1,2811.3,3,2022
ID,191.87,223.1,0.484,0.972,0.57,1,5878.4,3,2022
IL,259.81,302.1,0.581,1.005,0.57,1,17646.7,3,2022
KS,242.09,281.5,0.558,1.118,0.57,1,2947.3,3,2022
KY,176.53,205.27,0.404,0.983,0.57,1,7756.1,3,2022
MA,267.26,310.77,0.36,1.19,0.57,1,11700.8,3,2022
MD,90.8,105.58,0.366,0.985,0.57,1,57476.3,3,2022
ME,159.84,185.86,0.312,1.021,0.57,1,9062.8,3,2022
MI,170.76,198.56,0.494,1.007,0.57,1,58917.1,3,2022
MN,137.36,159.72,0.363,1.023,0.57,1,47204.4,3,2022
MO,191.58,222.77,0.387,0.992,0.57,1,9225.7,3,2022
MT,212.44,247.02,0.289,0.989,0.57,1,2847.4,3,2022
NC,188.59,219.29,0.566,1.045,0.57,1,100731.1,3,2022
ND,127.64,148.41,0.399,0.996,0.57,1,19141.1,3,2022
NE,223.59,259.99,1.019,0.969,0.57,1,6026.1,3,2022
NH,133.62,155.37,0.307,1.024,0.57,1,11118.9,3,2022
NJ,212.52,247.12,0.349,1.016,0.57,1,26560.8,3,2022
NV,196.57,228.56,0.506,0.98,0.57,1,4813.7,3,2022
NY,177.84,206.79,0.239,0.997,0.57,1,55455.7,3,2022
OH,161.5,187.79,0.469,1.022,0.57,1,29616.9,3,2022
OK,211.76,246.24,0.293,0.988,0.57,1,3561.8,3,2022
OR,154.37,179.51,0.367,0.932,0.57,1,7623.1,3,2022
PA,176.63,205.38,0.425,1.037,0.57,1,21098.5,3,2022
SC,165.62,192.58,0.587,1.087,0.57,1,33243.3,3,2022
SD,196.61,228.62,0.317,1.006,0.57,1,11022,3,2022
TN,253.3,294.54,0.491,1.169,0.57,1,3411.6,3,2022
TX,226.3,263.13,0.621,1.087,0.57,1,64268.1,3,2022
UT,177.52,206.42,0.918,1.149,0.57,1,9903.2,3,2022
VA,174.57,202.99,0.445,1.015,0.57,1,30458,3,2022
VT,202.56,235.54,0.244,1,0.57,1,3030.8,3,2022
WA,166.25,193.32,0.258,1.005,0.57,1,11951.1,3,2022
WI,177.54,206.44,0.435,1.024,0.57,1,18045.1,3,2022
WV,326.85,380.06,1.344,0.999,0.57,1,919.6,3,2022
MA,494.28,574.74,1.241,1.531,0.726,1.046,8025902.8,4,2022
AK,726.13,844.34,1.262,1.607,0.708,1.042,281048,1,2023
AL,627.08,729.17,1.708,1.655,0.681,1.025,3336332.4,1,2023
AR,462.76,538.09,1.701,1.528,0.693,1.028,4218868.6,1,2023
AZ,477.91,555.71,1.36,1.702,0.67,1.022,2898120.1,1,2023
CA,521.46,606.35,1.176,1.669,0.698,1.035,25515333.8,1,2023
CO,428.39,498.13,1.19,1.668,0.678,1.028,3000017.9,1,2023
CT,726.03,844.22,1.428,1.82,0.687,1.031,1411486.9,1,2023
DC,581.6,676.28,1.428,1.16,0.737,1.058,155658.2,1,2023
DE,620.89,721.96,1.494,1.719,0.728,1.05,440522.6,1,2023
FL,529.85,616.1,1.343,1.623,0.674,1.023,40001994.4,1,2023
GA,461.06,536.11,1.462,1.613,0.683,1.027,11181185.8,1,2023
HI,540.8,628.84,1.237,1.728,0.755,1.067,380596.4,1,2023
IA,556.62,647.23,1.362,1.838,0.696,1.036,984825,1,2023
ID,414.38,481.83,1.15,1.582,0.653,1.018,1097708.3,1,2023
IL,581.18,675.79,1.398,1.742,0.671,1.024,4297179.8,1,2023
IN,476.29,553.82,1.36,1.732,0.661,1.019,2321358.4,1,2023
KS,551.04,640.74,1.756,1.689,0.683,1.028,1550309.1,1,2023
KY,527.11,612.92,1.704,1.813,0.661,1.02,729423.1,1,2023
LA,636.75,740.41,1.455,1.71,0.67,1.023,1676340.4,1,2023
MD,400.75,465.99,1.453,1.696,0.73,1.05,2775545.7,1,2023
MI,445.67,518.22,1.303,1.741,0.655,1.018,4395086.8,1,2023
MN,418.31,486.41,1.236,1.796,0.673,1.026,1913915.3,1,2023
MO,562.52,654.09,1.618,1.731,0.668,1.021,3116820.2,1,2023
MS,522.9,608.02,1.57,1.632,0.677,1.024,2322789.9,1,2023
MT,520.37,605.08,1.179,1.694,0.65,1.017,716622.9,1,2023
NC,547.27,636.37,1.38,1.64,0.67,1.023,10022675.4,1,2023
ND,457.02,531.42,1.282,1.577,0.701,1.038,562171.5,1,2023
NE,573.01,666.29,1.321,1.609,0.641,1.014,1157378.6,1,2023
NH,397.49,462.2,1.314,1.77,0.687,1.03,774126.4,1,2023
NJ,564.24,656.09,1.338,1.701,0.685,1.026,4618148,1,2023
NM,486.01,565.13,1.38,1.843,0.762,1.063,598630.5,1,2023
NV,459.08,533.81,1.326,1.675,0.663,1.02,1246854.6,1,2023
NY,590.86,687.05,1.529,0.982,0.689,1.035,2926623.5,1,2023
OH,500.25,581.69,1.523,1.79,0.655,1.018,3973546.9,1,2023
OK,546.45,635.41,1.526,1.608,0.671,1.025,2521732.5,1,2023
OR,523.65,608.9,1.253,1.732,0.677,1.027,1961528.5,1,2023
PA,526.58,612.3,1.463,1.796,0.717,1.043,5333697.6,1,2023
RI,458.04,532.6,1.333,1.748,0.721,1.046,480570.7,1,2023
SC,523.38,608.58,1.399,1.652,0.657,1.018,5182384.2,1,2023
SD,611.49,711.04,1.352,1.585,0.664,1.021,597438.7,1,2023
TN,534.87,621.94,1.64,1.685,0.659,1.018,4508617.3,1,2023
TX,488.32,567.81,1.388,1.599,0.704,1.036,30249093.6,1,2023
UT,377.87,439.38,1.062,1.5,0.655,1.017,3687620.2,1,2023
VA,408.61,475.13,1.242,1.666,0.688,1.032,4312065.8,1,2023
VT,696.59,809.99,1.296,0.988,0.706,1.04,349673.5,1,2023
WA,489.01,568.61,1.293,1.752,0.679,1.027,2968259.2,1,2023
WI,567.29,659.63,1.393,1.918,0.669,1.024,2749481.8,1,2023
WV,986.53,1147.13,1.705,1.854,0.68,1.029,367817.1,1,2023
WY,824.29,958.48,1.427,1.645,0.738,1.053,456654.2,1,2023
AK,807.22,938.63,1.104,1.471,0.74,1.054,144109.6,2,2023
AL,445.85,518.43,1.298,1.518,0.777,1.073,2260745.3,2,2023
AR,393.63,457.71,1.219,1.455,0.788,1.077,735756.9,2,2023
AZ,461.94,537.13,1.087,1.446,0.742,1.056,1565348.7,2,2023
CA,500.88,582.42,1.008,1.424,0.781,1.077,24904520.8,2,2023
CO,495.19,575.81,1.049,1.402,0.745,1.057,2560140.8,2,2023
CT,657.19,764.18,1.267,1.53,0.745,1.058,1036484.9,2,2023
DC,519.36,603.9,1.105,1.036,0.813,1.094,1052810,2,2023
DE,604.39,702.78,1.24,1.495,0.777,1.071,270669.4,2,2023
FL,546.18,635.1,1.268,1.498,0.773,1.072,4125328.8,2,2023
GA,691.31,803.85,1.359,1.473,0.755,1.061,777767.5,2,2023
HI,453.74,527.6,1.182,1.515,0.887,1.141,550404.5,2,2023
IA,439.47,511.01,1.084,1.447,0.72,1.045,1109216.8,2,2023
ID,389.48,452.88,0.953,1.381,0.74,1.053,999824.8,2,2023
IL,524.81,610.25,1.211,1.467,0.797,1.084,5068122.7,2,2023
IN,629.66,732.16,1.344,1.514,0.752,1.059,736308.3,2,2023
KS,469.76,546.23,1.241,1.438,0.77,1.071,790183.5,2,2023
KY,643.04,747.73,1.638,1.483,0.773,1.068,232753.2,2,2023
LA,498.31,579.43,1.234,1.464,0.776,1.072,1456903.9,2,2023
MD,485.49,564.52,1.098,1.477,0.754,1.061,2873622,2,2023
MI,402.19,467.66,1.141,1.445,0.794,1.081,5091534.1,2,2023
MN,497.76,578.79,1.118,1.483,0.752,1.061,2561374.8,2,2023
MO,578.18,672.31,1.393,1.477,0.759,1.064,754626.5,2,2023
MS,396.88,461.49,1.148,1.382,0.779,1.072,515481.7,2,2023
MT,457.12,531.54,0.966,1.417,0.732,1.052,550495,2,2023
NC,491.79,571.85,1.174,1.489,0.755,1.061,2392722.7,2,2023
ND,468.18,544.4,1.127,1.357,0.819,1.098,536484.9,2,2023
NE,586.5,681.98,1.259,1.443,0.729,1.048,340423.5,2,2023
NH,518.68,603.12,1.102,1.513,0.738,1.05,741934.9,2,2023
NJ,639.87,744.03,1.294,1.497,0.757,1.062,2863605.7,2,2023
NM,557.66,648.45,1.133,1.501,0.782,1.075,500005.3,2,2023
NV,454.92,528.98,1.05,1.413,0.758,1.061,951514.6,2,2023
NY,775.37,901.6,1.535,0.976,0.766,1.07,8331479.7,2,2023
OH,794.39,923.71,1.76,1.559,0.752,1.06,401198.5,2,2023
OK,417.55,485.52,1.249,1.47,0.783,1.078,1988744.2,2,2023
OR,446.69,519.41,1.017,1.425,0.775,1.072,2163635,2,2023
PA,507.61,590.25,1.259,1.503,0.778,1.073,4603001.1,2,2023
RI,515.61,599.54,1.314,1.536,0.812,1.093,554718.5,2,2023
SC,606.97,705.78,1.202,1.469,0.744,1.054,576382,2,2023
SD,480.05,558.2,1.061,1.414,0.694,1.034,398310.1,2,2023
TN,448.1,521.05,1.245,1.487,0.739,1.056,1858665,2,2023
TX,556.11,646.64,1.275,1.451,0.755,1.062,7205793.1,2,2023
UT,355.79,413.71,1.004,1.428,0.74,1.053,1622652.2,2,2023
VA,514.46,598.21,1.193,1.457,0.786,1.078,3534061,2,2023
VT,640.1,744.31,1.3,0.978,0.757,1.065,419983.4,2,2023
WA,474.3,551.51,1.09,1.476,0.769,1.068,2780002.6,2,2023
WI,537.34,624.81,1.163,1.45,0.774,1.072,1227544.6,2,2023
WV,693.46,806.34,1.368,1.505,0.761,1.064,180997.1,2,2023
WY,647.58,753,1.184,1.397,0.758,1.062,96750.3,2,2023
AL,243.21,282.8,0.938,1.112,0.57,1,11759.3,3,2023
AZ,188.2,218.84,0.437,1.015,0.57,1,2290,3,2023
CA,182.83,212.6,0.253,0.976,0.57,1,291084.9,3,2023
CO,177.61,206.53,0.332,0.998,0.57,1,34406.1,3,2023
CT,193.8,225.35,0.314,1.02,0.57,1,19169.2,3,2023
DC,138.41,160.94,0.205,0.736,0.57,1,4305.8,3,2023
DE,223.34,259.7,0.502,1.041,0.57,1,1767.2,3,2023
FL,206.39,239.99,0.498,1.172,0.57,1,17693.4,3,2023
GA,222.63,258.87,0.688,1.12,0.57,1,32370.3,3,2023
HI,117.22,136.3,0.281,0.981,0.57,1,5001.3,3,2023
IA,206.52,240.14,0.285,1.005,0.57,1,1909.3,3,2023
ID,180.21,209.54,0.458,0.964,0.57,1,2931.1,3,2023
IL,289.98,337.19,0.749,1.014,0.57,1,12969.2,3,2023
KS,244.56,284.37,0.877,1.089,0.57,1,1632,3,2023
KY,179.55,208.78,0.396,0.982,0.57,1,8419.9,3,2023
MA,289.44,336.55,0.35,1.187,0.57,1,10504.5,3,2023
MD,98.88,114.97,0.352,0.979,0.57,1,47856.3,3,2023
ME,180.4,209.77,0.397,1.025,0.57,1,7414.2,3,2023
MI,186.94,217.38,0.489,1.005,0.57,1,42501,3,2023
MN,137.17,159.5,0.514,1.018,0.57,1,43180.3,3,2023
MO,199.72,232.23,0.325,0.999,0.57,1,7702.6,3,2023
MT,207.74,241.56,0.287,1.006,0.57,1,3071.9,3,2023
NC,212.43,247.02,0.628,1.041,0.57,1,71198,3,2023
ND,130.68,151.96,0.359,0.992,0.57,1,15886.1,3,2023
NE,244.49,284.29,1.111,0.978,0.57,1,4211.1,3,2023
NH,137.6,160,0.411,1.021,0.57,1,9070.6,3,2023
NJ,239.17,278.1,0.469,1.016,0.57,1,19748,3,2023
NV,197.13,229.22,0.187,0.986,0.57,1,3869,3,2023
NY,203.1,236.16,0.235,0.997,0.57,1,46262.4,3,2023
OH,175.18,203.7,0.496,1.021,0.57,1,27078.6,3,2023
OK,223.66,260.07,0.449,0.992,0.57,1,2897.3,3,2023
OR,179.86,209.14,0.263,0.95,0.57,1,5926.4,3,2023
PA,186.24,216.56,0.321,1.031,0.57,1,17786.5,3,2023
SC,185.18,215.33,0.48,1.068,0.57,1,28216.1,3,2023
SD,227.28,264.28,0.34,1.016,0.57,1,8853.4,3,2023
TN,261.82,304.44,0.426,1.188,0.57,1,2259.3,3,2023
TX,251.12,292,0.824,1.048,0.57,1,26281.1,3,2023
VA,146.42,170.26,0.435,1.015,0.57,1,25929,3,2023
VT,225.76,262.51,0.374,0.999,0.57,1,3242.3,3,2023
WA,182.71,212.46,0.246,1.004,0.57,1,5591.5,3,2023
WI,184.38,214.39,0.453,1.024,0.57,1,15709.1,3,2023
WV,340.95,396.46,1.579,1.028,0.57,1,777.2,3,2023
MA,524.18,609.52,1.206,1.537,0.723,1.044,7709185.6,4,2023
ME,508.64,591.44,1.16,1.647,0.684,1.029,1383960.3,4,2023
AK,830.729550261299,965.964593327092,1.27432737115081,1.59956545119686,0.704795977452236,1.04059837981316,308388.299999999,1,2024
AL,596.358785963155,693.440448794366,1.71088658202668,1.59651354901281,0.680051459341381,1.02474471840981,5002357.06666665,1,2024
AR,475.932340810195,553.409698616507,1.79827180306866,1.53634886321755,0.691941701130595,1.02794924886316,4083230.69999999,1,2024
AZ,440.842115574291,512.607111132896,1.46366540765996,1.64091582092986,0.66797318970386,1.02142121286024,4308951.53333332,1,2024
CA,563.398464903798,655.114494074184,1.15406386847895,1.66302199318034,0.69558926414922,1.03375571557823,26285595.0999999,1,2024
CO,465.016115955762,540.716413902049,1.27484293345284,1.6414479558879,0.687386820650624,1.03136215761367,3514403.63333332,1,2024
CT,766.006770709924,890.705547337121,1.46079701646424,1.7852850080948,0.690868802958145,1.03078820117673,1682622.03333333,1,2024
DC,630.468852124403,733.103316423725,1.42858470793341,1.17009009026809,0.735166951953661,1.05694495428607,155204.333333333,1,2024
DE,614.072317733442,714.037578759817,1.52595436333496,1.68523775556011,0.723074259393882,1.04711771609324,568713.233333333,1,2024
FL,523.978156617855,609.276926299832,1.31302070624921,1.56330181276816,0.675528206931814,1.02395053633895,51861413.9333333,1,2024
GA,487.839696805565,567.255461401819,1.51078858508599,1.55601769378416,0.681753412158421,1.02597078033262,15658898.2999999,1,2024
HI,584.377943417245,679.50923653168,1.25279447468868,1.73402001119948,0.752156658784654,1.06556959338049,387041.599999999,1,2024
IA,494.123766467658,574.562519148439,1.35688972275513,1.75054547724454,0.695266396960532,1.03477567609405,1378776.36666666,1,2024
ID,403.021125361884,468.629215537074,1.13231674302756,1.54660326433584,0.660270843307501,1.02065484788939,1291113.06666666,1,2024
IL,579.183405703152,673.469076399014,1.37146785075803,1.6904324105984,0.672011575856796,1.02346456363717,5164887.66666666,1,2024
IN,448.249292672061,521.22010775821,1.32951520065761,1.64191957625883,0.666750703336837,1.02064988250803,3653299.33333333,1,2024
KS,533.776471417422,620.670315601654,1.62992223706279,1.62420379457209,0.6760151921876,1.02500468971787,2102756.2,1,2024
KY,541.31016357502,629.430422761651,1.81178226111277,1.76245238512688,0.670518020836584,1.02282445417051,943177.633333332,1,2024
LA,597.630214293632,694.918853829804,1.27558894606066,1.62499702406424,0.660140499226375,1.01920997507257,2926160.83333333,1,2024
MD,406.597427759827,472.787706697473,1.42527079507589,1.67194782776894,0.730067208428129,1.05008183806314,3202381.09999999,1,2024
MI,441.227899160767,513.055696698567,1.34445361056789,1.68094760759987,0.659426185115599,1.01893808241055,5817749.63333331,1,2024
MN,426.996437230145,496.507485151332,1.25085992192813,1.77028440588803,0.674742777525027,1.02675621062051,2174291.59999999,1,2024
MO,548.889964055845,638.244144250982,1.51267181937087,1.6608769720414,0.663061415806102,1.0197087990845,4362188.66666666,1,2024
MS,516.654760674248,600.761349621219,1.58710910749527,1.56637461089839,0.68007959145383,1.02465585456664,3579345.76666666,1,2024
MT,516.91538068986,601.064396151,1.11678072852454,1.63296585362341,0.650203423850699,1.01706955132834,884253.899999998,1,2024
NC,522.424704977039,607.470587182604,1.38195967880836,1.61369178120899,0.66502588403464,1.0212160848739,11669252.4,1,2024
ND,459.528695378519,534.335692300604,1.32288489787166,1.55269179210333,0.700577473704796,1.03774245783556,609176.366666666,1,2024
NE,575.319486250698,668.976146803137,1.39959558478012,1.56748658711523,0.653962710451277,1.01833704826539,1425613.03333333,1,2024
NH,387.2010845514,450.233819245814,1.37126012353331,1.7317113087742,0.692634779904788,1.03251621470962,904970.466666665,1,2024
NJ,560.488356933943,651.730647597608,1.30480318923024,1.67499742011162,0.685763719697523,1.02616552815242,5594079.23333332,1,2024
NM,505.923026928004,588.282589451167,1.47975870466861,1.79109734655165,0.762503721069273,1.06236700684593,798941.499999998,1,2024
NV,460.734403016983,535.737677926725,1.34524324355776,1.67311025003139,0.665879104654991,1.02084476781449,1347425.46666666,1,2024
NY,652.934912425688,759.226642355451,1.48160241778918,0.984141625983131,0.678532827712303,1.03045621201217,3028689.06666666,1,2024
OH,494.860355981612,575.419018583269,1.48721326172836,1.68697381518545,0.656688338454499,1.01794201996302,6133683.56666666,1,2024
OK,536.244728940683,623.540382489166,1.51840210164499,1.57790102263658,0.667715703458764,1.02312281499006,3357002.26666666,1,2024
OR,549.202194155599,638.607202506511,1.23833469153419,1.72112343725079,0.676140120725819,1.02680608959453,1997617.4,1,2024
PA,532.634980723738,619.343000841556,1.47396970421028,1.75845484220735,0.720461149240318,1.04475188473185,6126065.96666666,1,2024
RI,467.980359518601,544.163208742559,1.30203582157666,1.69588216159632,0.721444703219773,1.04563067906732,611584.433333333,1,2024
SC,507.495080914338,590.110559202719,1.37670257399021,1.60176588049585,0.6522019624724,1.01670096428033,6945089.6,1,2024
SD,596.248800075584,693.312558227423,1.27221790247232,1.55602837710537,0.6619266576524,1.02106102452785,633637.566666665,1,2024
TN,529.472437722151,615.665625258315,1.58922521802322,1.6140582236982,0.661864369524592,1.01906377081752,6732485.43333332,1,2024
TX,478.597229207743,556.508406055515,1.36242108185554,1.53916427890803,0.719150469157253,1.04291355299748,41723345.2666666,1,2024
UT,409.20890754135,475.824311094593,1.062668150486,1.48559361973478,0.662429421890744,1.01941686043599,4589778.89999999,1,2024
VA,408.149604844362,474.592563772514,1.25789827144056,1.65192326167677,0.69058500882326,1.0334334319636,4606271.26666666,1,2024
VT,779.972131644785,906.944339121843,1.32351900565705,0.987306581319641,0.699620937606877,1.03701543931058,394728.333333333,1,2024
WA,508.096874772375,590.810319502761,1.25734250131822,1.71188821474309,0.686407197872783,1.03004921277325,3490557.19999999,1,2024
WI,565.13107626766,657.129158450767,1.39963085330116,1.84744029347886,0.665158212576217,1.02237111816721,3443491.53333333,1,2024
WV,947.445231325033,1101.68050154073,1.68862874044266,1.74061049701092,0.676238485811584,1.02641967537052,657348.399999998,1,2024
WY,799.37092683176,929.501077711349,1.42072175949888,1.61959762461065,0.738482317956868,1.05322407229195,507958.833333333,1,2024
AK,864.24464020527,1004.93562814566,1.07004889484834,1.47892937596232,0.746036660526536,1.05645421630388,139808.866666667,2,2024
AL,461.328217105187,536.428159424636,1.2972137393899,1.51570403913587,0.777561554762943,1.07319490160909,2240754.03333333,2,2024
AR,412.258323287843,479.370143357957,1.23236272310036,1.4538229461792,0.787429840187953,1.07663019386945,755293.499999998,2,2024
AZ,488.271733772375,567.757829967878,1.14513118159501,1.44496571417962,0.743694129300238,1.05681911072278,1439916.93333333,2,2024
CA,538.376231182499,626.018873468023,1.03661787667963,1.42777226474217,0.781153898350348,1.07764057962898,24527876.3,2,2024
CO,533.02299831524,619.794184087489,1.08721659077592,1.4037975651027,0.746306752950511,1.05812205803228,2337834.4,2,2024
CT,695.846643300471,809.124003837757,1.3342111158444,1.52450429903876,0.757613315850632,1.06356579281837,941400.366666665,2,2024
DC,576.97061317488,670.896061831256,1.1192634287744,1.03719315664695,0.812078049296658,1.09412072200795,1045851.83333333,2,2024
DE,629.472335037242,731.9445756247,1.30622988480173,1.48710236864484,0.780047056814853,1.07304293480909,275666.766666666,2,2024
FL,583.878473360812,678.928457396293,1.29359986251303,1.49677758457597,0.774462742842893,1.07283261586712,3940688.93333336,2,2024
GA,750.288472749425,872.428456685377,1.41838518864735,1.46787400024869,0.758189035449461,1.06320211734042,549003.199999999,2,2024
HI,480.604264880817,558.842168466066,1.24271577871429,1.52414038602553,0.893966687674286,1.145776681372,545357.699999998,2,2024
IA,453.408130347071,527.218756217525,1.10904150048987,1.43697159143401,0.723780343876326,1.04631617717517,1086384.76666666,2,2024
ID,410.609551892631,477.452967317013,0.969191330655935,1.37533680358447,0.738522999498797,1.05253113759346,1016019.96666666,2,2024
IL,558.061963166129,648.909259495499,1.24806339964388,1.46745372223237,0.798861723365884,1.0852069190848,4960879.59999999,2,2024
IN,668.863995638737,777.748832138066,1.36607109513419,1.50743711958497,0.758342023842683,1.06174424648608,666563.666666666,2,2024
KS,506.064199471558,588.446743571579,1.25866742597486,1.44279617220443,0.771403711947314,1.07180876265137,696716.066666667,2,2024
KY,686.645298412869,798.424765596359,1.6283214301066,1.47299562013002,0.775022490394375,1.06971804260801,217129.733333333,2,2024
LA,534.306459634224,621.286580970028,1.25113148877727,1.46792178081826,0.778611663932847,1.07328577391702,1404343.93333333,2,2024
MD,521.735438635249,606.66911469215,1.12540642836386,1.47720168550413,0.756953755037967,1.06229934362373,2716912.16666666,2,2024
MI,421.589353982731,490.220179049687,1.15310491975158,1.43998715010455,0.792855867498905,1.08042257099657,5068043.83333334,2,2024
MN,524.017073411992,609.322178386037,1.1676694505178,1.47862586099232,0.7555521321034,1.06210471744051,2433108.23333333,2,2024
MO,605.791236829461,704.408414917978,1.4434225727323,1.47765381100731,0.763843699596574,1.06699825230093,657321.399999999,2,2024
MS,382.886156042507,445.216460514543,1.11685420044206,1.37669042425373,0.785879839571732,1.07570785597783,543212.666666666,2,2024
MT,486.03739009223,565.159755921198,0.996878031566118,1.41131529805351,0.73709087789813,1.05424479904014,549078.133333332,2,2024
NC,517.285324128232,601.494562939805,1.20225649548142,1.49013883263169,0.758938191329075,1.06303588802276,2386954.2,2,2024
ND,490.670246236935,570.546797949924,1.19233299166993,1.35871596227532,0.81914772351804,1.09841195744004,561924.066666666,2,2024
NE,623.752580476246,725.293698228193,1.31803466207284,1.43866705043529,0.731318524281381,1.04956564919297,280724.7,2,2024
NH,546.335612038003,635.27396748605,1.14628087430229,1.50588090900687,0.737770576824991,1.04980836888738,716139.799999998,2,2024
NJ,684.224287755321,795.609636924792,1.34505840034622,1.49533152352541,0.758552058415405,1.06308633644274,2550135.56666666,2,2024
NM,584.471585399798,679.618122557905,1.16739976359134,1.49130002452008,0.785798550718349,1.07787243877287,468595.366666666,2,2024
NV,473.955041848383,551.11051377719,1.0809704437895,1.41446771907996,0.756768651910025,1.06077367951038,907735.899999999,2,2024
NY,829.620713178769,964.67524788229,1.53941087602103,0.976787628300512,0.763131279637858,1.06836079211373,7813978.99999997,2,2024
OH,899.481160039004,1045.90832562674,1.84432367898821,1.5578620931274,0.752580294925294,1.06005898856639,304126.733333333,2,2024
OK,438.911326452651,510.362007503082,1.2891930204026,1.46886249956074,0.785933339153216,1.0795088931442,1927492.26666666,2,2024
OR,481.689670733119,560.104268294324,1.04396306914322,1.42843064023649,0.774801176417354,1.07205146580905,2033892.7,2,2024
PA,526.173075086337,611.829157077137,1.26897472772447,1.49868700921898,0.777831946517304,1.07264170837115,4565329.56666666,2,2024
RI,540.918527078063,628.97503148612,1.30689441501969,1.52737384844653,0.807410835366407,1.08994681248238,544181.566666665,2,2024
SC,639.143380149651,743.189976918198,1.1993055505317,1.46491752893819,0.746721841812853,1.05542642099729,534302.566666666,2,2024
SD,505.245830299372,587.495151510898,1.05082222477061,1.41009408798594,0.697645558148162,1.03492185964235,389497.833333333,2,2024
TN,474.11303101588,551.294222111488,1.25690167385417,1.48261689847557,0.747800557380627,1.060041886292,1742304.3,2,2024
TX,586.828018681575,682.358161257645,1.31355931879489,1.45242621747257,0.758181604259433,1.06400818377312,6891483.00000005,2,2024
UT,386.245022214908,449.122118854544,1.02616890354317,1.43207901304612,0.739785562191895,1.05301931533714,1532951.06666666,2,2024
VA,542.410015775761,630.70932066949,1.21678573652876,1.46097287449977,0.786688510714644,1.07823267631162,3355676.36666667,2,2024
VT,715.958350179432,832.509709510968,1.31757940771135,0.97785817903485,0.75477845312141,1.06376783038106,408231.133333333,2,2024
WA,509.811319036508,592.803859344776,1.12340204549523,1.47910057615076,0.769504483829844,1.06891381221596,2670574.13333333,2,2024
WI,576.430219373513,670.267696945945,1.19794811242026,1.44879474630836,0.777563948988149,1.0736663735321,1170528.03333333,2,2024
WV,728.023741962367,846.539234839962,1.46636589807203,1.50762260650902,0.760322048128738,1.06360338874109,176116.533333333,2,2024
WY,696.302214040748,809.653737256684,1.05205298266961,1.40116102243878,0.759660211049168,1.06229843813211,94837.2999999999,2,2024
AL,243.868073420529,283.567527233174,1.11957846617566,1.09163105745347,0.57,1,12319.5333333333,3,2024
AZ,177.779664318948,206.720539905754,0.188211071635623,1.01745729957931,0.57,1,2242.36666666666,3,2024
CA,200.673868492988,233.341707549986,0.288781094300184,0.977208448880307,0.57,1,259875.066666666,3,2024
CO,187.176740203645,217.64737232982,0.482886559532982,0.99219574751973,0.57,1,30628.3999999999,3,2024
CT,212.291306760743,246.850356698539,0.313338566807664,1.01794899228664,0.57,1,18755.3333333333,3,2024
DC,169.484059470701,197.07448775663,0.365205165417218,0.738491528087187,0.57,1,3606.03333333333,3,2024
DE,235.467183760574,273.799050884388,0.215094462958216,1.0141863838332,0.57,1,1560.39999999999,3,2024
FL,214.639196255242,249.580460761909,0.569906965566537,1.15019088229805,0.57,1,18933.1333333333,3,2024
GA,227.841305694956,264.931750808088,0.713470216150051,1.00895757184845,0.57,1,22738.8333333333,3,2024
HI,139.31484326037,161.994003791128,0.206662603425852,0.975680507513075,0.57,1,4818.26666666666,3,2024
IA,183.629039489642,213.522138941444,0.141525057002862,0.998740309513412,0.57,1,687.099999999999,3,2024
ID,166.801958541951,193.955765746454,0.449821455566962,0.959601225194328,0.57,1,2954.63333333333,3,2024
IL,304.385260076363,353.936348926003,0.85952828613358,1.00477813921973,0.57,1,10380.2333333333,3,2024
KS,250.86008270626,291.697770588675,1.68428637145635,1.11621961253646,0.57,1,891.266666666665,3,2024
KY,190.778329391179,221.83526673393,0.400013167473403,0.98837752717148,0.57,1,7829.89999999999,3,2024
MA,298.387961069722,346.96274542991,0.297196433957083,1.19632525174318,0.57,1,7405.03333333332,3,2024
MD,117.518805551634,136.649773897249,0.349322964961925,0.975805118110236,0.57,1,41181.8666666665,3,2024
ME,201.060144015065,233.790865133796,0.370693092785902,1.01866838397693,0.57,1,7168.83333333331,3,2024
MI,196.120342119686,228.046909441495,0.494898179614588,1.00447715755607,0.57,1,37184.4333333333,3,2024
MN,138.581149546511,161.140871565711,0.737972303160805,1.01219268744103,0.57,1,46285.6666666666,3,2024
MO,198.083302108819,230.329421056766,0.535411938715379,0.986009750540169,0.57,1,8484.99999999999,3,2024
MT,203.601521854632,236.745955644921,0.377508676875532,0.990983210840147,0.57,1,3365.26666666666,3,2024
NC,221.798075243989,257.904738655802,0.49087956759979,0.997096189960118,0.57,1,50995.9666666666,3,2024
ND,135.618009455121,157.695359831537,0.35294325997169,0.995571133057363,0.57,1,14341.4333333333,3,2024
NE,290.818286859195,338.160798673483,0.229430841508913,1.02906618764681,0.57,1,241.233333333333,3,2024
NH,151.091527490944,175.687822663889,0.428945747236455,1.01755789369967,0.57,1,7104.39999999999,3,2024
NJ,254.664356496209,296.121344763034,0.377236392278814,1.00371074194175,0.57,1,16292.8333333333,3,2024
NV,202.1074578938,235.008671969535,0.356063634422379,0.98404196028187,0.57,1,3746.4,3,2024
NY,241.22683425948,280.496318906373,0.227333990714458,0.997156394782379,0.57,1,41088.9666666665,3,2024
OH,189.235236615273,220.040972808457,0.577311918510629,1.01750508225938,0.57,1,24631.4333333333,3,2024
OK,213.785103462436,248.587329607483,0.355890788538005,1.02464921927426,0.57,1,3328.09999999999,3,2024
PA,198.43470033618,230.738023646721,0.341369435958696,1.02748886206631,0.57,1,16072.7,3,2024
SC,186.883087040576,217.30591516346,0.48023406953757,1.07425774774299,0.57,1,28411.4999999999,3,2024
SD,222.318890249099,258.510337498952,0.317039148442082,0.965243299697155,0.57,1,5569.39999999999,3,2024
TN,253.519015662351,294.789553095757,0.571760551522345,1.16206608330803,0.57,1,2415.13333333333,3,2024
TX,254.735503118716,296.204073393856,0.964483079641421,1.04966606555352,0.57,1,21053.5333333333,3,2024
VA,150.622003183475,175.141864166832,0.50788215289459,0.999587307889207,0.57,1,25523.4666666666,3,2024
VT,266.52710882162,309.915242815837,0.503688829881395,0.99741629786983,0.57,1,2824.49999999999,3,2024
WA,216.334444276739,251.551679391557,0.202562554517745,1.0067317089904,0.57,1,3401.03333333333,3,2024
WI,187.541718813296,218.071766061972,0.305831039929774,1.02390924596888,0.57,1,15341.1,3,2024
WV,360.603437278474,419.30632241683,3.48102487304383,1.03026816250388,0.57,1,643.266666666666,3,2024
MA,528.493113074213,614.52687566769,1.21448773800938,1.53156177208535,0.7205092024862,1.04226972785869,8506903.99999999,4,2024
ME,570.001341302319,662.792257328278,1.18764850624696,1.66142258197934,0.682955207336389,1.02865316188354,1353406.9,4,2024
